Name,Country,Role,Organization,Type,Category,Contribution,ImageUrl,WebsiteUrl,LinkedinUrl,KeyResourceUrl
Dr. Jérôme Notin,France,CEO,GIP ACYMA (cybermalveillance.gouv.fr),Public,Government,"CEO of GIP ACYMA which operates cybermalveillance.gouv.fr; leads France's national cyber victim assistance platform; promotes quantum-safe awareness for SMEs and individuals.",https://ui-avatars.com/api/?name=Jerome+Notin&background=0b0d17&color=22d3ee&size=128&bold=true,https://www.cybermalveillance.gouv.fr/,https://www.linkedin.com/in/jeromenotin/,
Dr. Ludovic Perret,France,"CEO and Co-Founder; Senior Researcher","CryptoNext Security;Sorbonne Université (LIP6/CNRS);Inria",Private,Industry Vendor,"Co-founded and leads CryptoNext Security; leading quantum-safe cryptography vendor; RESQUE consortium member; provides C-QSC quantum-safe cryptographic library compliant with ANSSI and BSI guidelines. Also Senior Researcher at Sorbonne Université/CNRS (LIP6) and Inria; expert in algebraic cryptanalysis; contributed to breaking several NIST PQC candidates; research on multivariate and code-based systems.",https://ui-avatars.com/api/?name=Ludovic+Perret&background=0b0d17&color=a78bfa&size=128&bold=true,https://www.cryptonext-security.com/,https://www.linkedin.com/in/ludovic-perret-37a12524/,
Jean-Noël de Galzain,France,Founder and CEO,WALLIX Group,Private,Industry Vendor,"Founder and CEO of WALLIX Group; French privileged access management and cybersecurity leader; advocate for European digital sovereignty and quantum-safe identity management.",https://ui-avatars.com/api/?name=Jean-Noel+Galzain&background=0b0d17&color=a78bfa&size=128&bold=true,https://www.wallix.com/,https://www.linkedin.com/in/jndegalzain-cybersecurity-privacy-entrepreneurship/,
Skip Sanzeri,USA,Founder & COO,QuSecure,Private,Industry Vendor,"Co-founded PQCA founding member company; QuProtect platform deployed with U.S. Department of Defense; raised $28M Series A (2023).",https://ui-avatars.com/api/?name=Skip+Sanzeri&background=0b0d17&color=a78bfa&size=128&bold=true,https://www.qusecure.com/,https://www.linkedin.com/in/skipsanzeri/,
Duncan Jones,UK,Head of Cybersecurity,Quantinuum,Private,Industry Vendor,"Leads cybersecurity for quantum computing company; Quantum-Safe 360 Alliance member; developed PQC Starter Kit with Thales (2024).",https://ui-avatars.com/api/?name=Duncan+Jones&background=0b0d17&color=a78bfa&size=128&bold=true,https://www.quantinuum.com/,https://www.linkedin.com/in/duncanjones/,
Andrei Gurtov,Sweden,Full Professor,Linköping University,Academic,Standards,"Full Professor at Linköping University and adjunct professor at Aalto University and University of Helsinki; research in network security and PQC protocol design; contributes to quantum-safe communications standards.",https://ui-avatars.com/api/?name=Andrei+Gurtov&background=0b0d17&color=60a5fa&size=128&bold=true,https://liu.se/,https://www.linkedin.com/in/andrei-gurtov-9386a21/,
Prof. Florian Mendel,Germany,Cryptographer and Security Architect,Infineon Technologies,Private,Industry Adopter,"Cryptographer and Security Architect at Infineon Technologies; expert in hash functions and symmetric cryptography; extensive contributions to cryptographic standards and implementations for embedded security.",https://ui-avatars.com/api/?name=Florian+Mendel&background=0b0d17&color=10b981&size=128&bold=true,https://www.infineon.com/,https://www.linkedin.com/in/florianmendel/,
Dr. Martin Albrecht,UK,Professor,"King's College London;SandboxAQ",Academic,Industry Vendor,"Professor of Cybersecurity and Chair of Cryptography at King's College London; Research Scientist at SandboxAQ; leading PQC cryptanalysis expert who broke several NIST PQC candidates during the standardization process.",https://ui-avatars.com/api/?name=Martin+Albrecht&background=0b0d17&color=a78bfa&size=128&bold=true,https://resquant.com/,https://www.linkedin.com/in/martin-albrecht-42a74b95/,
Dr. Scott Aaronson,USA,Professor,University of Texas Austin,Academic,Standards,"Leading quantum computing theorist; contributes to understanding quantum threats to cryptography; authored 'Quantum Computing Since Democritus'.",https://ui-avatars.com/api/?name=Scott+Aaronson&background=0b0d17&color=60a5fa&size=128&bold=true,https://www.scottaaronson.com/,https://www.linkedin.com/in/scott-aaronson-ab83933a0/,
Dr. Nadia Heninger,USA,Professor,UC San Diego,Academic,Algorithm Inventor,"Cryptanalysis expert at University of San Diego Crypto Group; discovered vulnerabilities in RSA and random number generation; PQC security analysis.",https://ui-avatars.com/api/?name=Nadia+Heninger&background=0b0d17&color=f59e0b&size=128&bold=true,https://cseweb.ucsd.edu/~nadiah/,https://www.linkedin.com/in/nadia-heninger-87578a5/,
Dr. Emmanuelle Encrenaz,France,Associate Professor,Sorbonne Université (LIP6/CNRS),Academic,Standards,"Associate Professor at Sorbonne Université affiliated with LIP6/CNRS; PQCrypto steering committee member; contributes to international PQC standardization and research on algebraic and post-quantum cryptography.",https://ui-avatars.com/api/?name=Emmanuelle+Encrenaz&background=0b0d17&color=60a5fa&size=128&bold=true,https://www.lip6.fr/,https://www.linkedin.com/in/emmanuelle-encrenaz-34012b58/,
Prof. Edoardo Persichetti,USA,Associate Professor,Florida Atlantic University,Academic,Standards,"Associate Professor at Florida Atlantic University; Director of the Center for Cryptology and Information Security; PQCrypto steering committee member; expert in code-based PQC algorithm development and lattice cryptography.",https://ui-avatars.com/api/?name=Edoardo+Persichetti&background=0b0d17&color=60a5fa&size=128&bold=true,https://www.fau.edu/,https://www.linkedin.com/in/edoardo-persichetti-56a92a8b/,
Dr. Dustin Moody,USA,PQC Standardization Lead,NIST,Public,Government,"Led NIST's eight-year standardization effort; oversaw evaluation of 82 algorithms; directed finalization of FIPS 203/204/205 (Aug 2024); selected HQC (Mar 2025).",https://ui-avatars.com/api/?name=Dustin+Moody&background=0b0d17&color=22d3ee&size=128&bold=true,https://csrc.nist.gov/projects/post-quantum-cryptography,https://www.linkedin.com/in/dustin-moody-88410550/,"NIST IR 8413;FIPS 203"
Dr. Lily Chen,USA,"NIST Fellow; Former Manager Cryptographic Technology Group",NIST,Public,Government,"Co-architect of NIST's PQC standardization; co-authored foundational NISTIR 8105; 30+ years cryptography experience; leads NIST-ITU liaison.",https://ui-avatars.com/api/?name=Lily+Chen&background=0b0d17&color=22d3ee&size=128&bold=true,https://www.nist.gov/people/lily-chen,https://www.linkedin.com/in/lily-lidong-chen-2666761/,"FIPS 203;FIPS 204;FIPS 205"
Ollie Whitehouse,UK,Chief Technology Officer,NCSC (UK),Public,Government,"First-ever NCSC CTO (Oct 2023); published three-phase PQC migration roadmap (Mar 2025) with 2035 deadline: identify by 2028, upgrade by 2031, complete by 2035; launched assured PQC consultancy scheme; endorsed NIST algorithms.",https://ui-avatars.com/api/?name=Ollie+Whitehouse&background=0b0d17&color=22d3ee&size=128&bold=true,https://www.ncsc.gov.uk/,https://www.linkedin.com/in/olliewhitehouse/,
Vincent Strubel,France,Director General,ANSSI (France),Public,Government,"Led overall French PQC strategy; ANSSI to require PQC in all products for qualification from 2027; oversaw first PQC certifications (Thales MultiApp 5.2, Samsung S3SSE2A, 2025); IPsec DR PQC update planned 2026.",https://ui-avatars.com/api/?name=Vincent+Strubel&background=0b0d17&color=22d3ee&size=128&bold=true,https://cyber.gouv.fr/en/,https://www.linkedin.com/in/vincent-strubel-7b7056200/,
Claudia Plattner,Germany,President,BSI (Germany),Public,Government,"Since July 2023 led BSI's quantum-safe initiatives; initiated joint PQC statement with 18 EU member states (Nov 2024); oversaw world-first quantum-secure ID card with Bundesdruckerei, G+D, and Infineon (Nov 2025).",https://ui-avatars.com/api/?name=Claudia+Plattner&background=0b0d17&color=22d3ee&size=128&bold=true,https://www.bsi.bund.de/,https://www.linkedin.com/in/claudiaplattner/,
Dr. Stephan Ehlen,Germany,Expert Quantum Technologies and PQC,BSI (Germany),Public,Government,"Presented BSI's PQC policy at international conferences; developed recommendations for FrodoKEM, Classic McEliece, XMSS, LMS.",https://ui-avatars.com/api/?name=Stephan+Ehlen&background=0b0d17&color=22d3ee&size=128&bold=true,https://www.bsi.bund.de/,https://www.linkedin.com/in/stephan-ehlen/,
Juhan Lepassaar,Estonia/EU,Executive Director,ENISA,Public,Government,"Oversaw publication of key ENISA PQC reports (2021-2022); hosted Threathunt 2030 Conference; coordinated EU-wide PQC guidance.",https://ui-avatars.com/api/?name=Juhan+Lepassaar&background=0b0d17&color=22d3ee&size=128&bold=true,https://www.enisa.europa.eu/,https://www.linkedin.com/in/juhan-lepassaar-961205340/,
Dr. Vadim Lyubashevsky,USA/Switzerland,Principal Research Scientist,IBM Research Europe Zurich,Academic,Algorithm Inventor,"Principal designer of both Kyber (ML-KEM) and Dilithium (ML-DSA); authored foundational lattice cryptography tutorials.",https://ui-avatars.com/api/?name=Vadim+Lyubashevsky&background=0b0d17&color=f59e0b&size=128&bold=true,https://researcher.watson.ibm.com/researcher/view.php?person=zurich-VAD,https://www.linkedin.com/in/vadim-lyubashevsky-13b8142/,"FIPS 203;FIPS 204"
Prof. Dr. Léo Ducas,France/Netherlands,"Senior Researcher; Professor","CWI Amsterdam; Leiden University",Academic,Algorithm Inventor,"Co-designer of Kyber, Dilithium, NewHope, Frodo; leading expert on lattice cryptanalysis; USENIX/Facebook Internet Defense Prize recipient.",https://ui-avatars.com/api/?name=Leo+Ducas&background=0b0d17&color=f59e0b&size=128&bold=true,https://homepages.cwi.nl/~ducas/,https://www.linkedin.com/in/leo-ducas-28b6a04a/,"FIPS 203;FIPS 204"
Dr. Joppe Bos,Belgium,Cryptographic Researcher,NXP Semiconductors,Private,Algorithm Inventor,"Co-author of Kyber and Frodo; expertise in efficient lattice implementations for embedded systems.",https://ui-avatars.com/api/?name=Joppe+Bos&background=0b0d17&color=f59e0b&size=128&bold=true,https://www.joppebos.com/,https://www.linkedin.com/in/joppebos/,FIPS 203
Prof. Dr. Eike Kiltz,Germany,Professor,Ruhr University Bochum,Academic,Algorithm Inventor,"Co-designer of Kyber and Dilithium; developed security proofs for lattice-based schemes.",https://ui-avatars.com/api/?name=Eike+Kiltz&background=0b0d17&color=f59e0b&size=128&bold=true,https://informatik.rub.de/kiltz/,https://www.linkedin.com/in/eike-kiltz-24b167387/,"FIPS 203;FIPS 204"
Dr. Gregor Seiler,Switzerland,Research Scientist,IBM Research Europe Zurich,Private,Algorithm Inventor,"Co-designer of Dilithium; led optimized implementations; contributor to FALCON signature scheme.",https://ui-avatars.com/api/?name=Gregor+Seiler&background=0b0d17&color=f59e0b&size=128&bold=true,https://research.ibm.com/,https://www.linkedin.com/in/gregor-seiler-118299231/,FIPS 204
Prof. Dr. Andreas Hülsing,Germany/Netherlands,Associate Professor,"TU Eindhoven; SandboxAQ",Academic,Algorithm Inventor,"Team leader and primary submitter for SPHINCS+; inventor of WOTS+ and XMSS; extensive publications on hash-based signatures.",https://ui-avatars.com/api/?name=Andreas+Hulsing&background=0b0d17&color=f59e0b&size=128&bold=true,https://huelsing.net/wordpress/?page_id=5,https://www.linkedin.com/in/andreas-huelsing-b7868874/,FIPS 205
Dr. Carlos Aguilar Melchor,France,Chief Cybersecurity Scientist,SandboxAQ,Private,Algorithm Inventor,"Principal developer of HQC since 2000s; demonstrated HQC resolved 40-year-old open problem in code-based key exchanges.",https://ui-avatars.com/api/?name=Carlos+Aguilar+Melchor&background=0b0d17&color=f59e0b&size=128&bold=true,https://www.sandboxaq.com/,https://www.linkedin.com/in/carlos-aguilar-melchor/,FIPS-207-HQC
Prof. Dr. Gilles Zémor,France,Professor,Institut de Mathématiques de Bordeaux,Academic,Algorithm Inventor,"Co-designer of HQC; expertise in coding theory and efficient error-correcting codes.",https://ui-avatars.com/api/?name=Gilles+Zemor&background=0b0d17&color=f59e0b&size=128&bold=true,https://www.math.u-bordeaux.fr/,https://www.linkedin.com/in/gilles-zémor-a02292b/,FIPS-207-HQC
Mark Hughes,USA,Global Managing Partner Consulting Cybersecurity,IBM,Private,Industry Vendor,"Leads IBM's quantum-safe consulting; IBM z17 mainframe launched with PQC Crypto Engine and NIST-standard APIs (Jun 2025); partnered with Palo Alto Networks (Nov 2025) for Quantum-Safe Readiness solution.",https://ui-avatars.com/api/?name=Mark+Hughes&background=0b0d17&color=a78bfa&size=128&bold=true,https://www.ibm.com/quantum/quantum-safe,https://www.linkedin.com/in/markhughesibm/,
Jack Hidary,USA,CEO,SandboxAQ,Private,Industry Vendor,"Founded quantum group at Alphabet (2016), led spinout (2022); author of 'Quantum Computing: An Applied Approach'; founding member of PQC Alliance (Feb 2024).",https://ui-avatars.com/api/?name=Jack+Hidary&background=0b0d17&color=a78bfa&size=128&bold=true,https://www.sandboxaq.com/,https://www.linkedin.com/in/jackhidary/,
Dr. Ali El Kaafarani,UK,CEO and Founder,PQShield,Private,Industry Vendor,"Leading NIST PQC standardization contributor; contributed RISC-V crypto extensions; raised $65.3M including $37M Series B (Jun 2024).",https://ui-avatars.com/api/?name=Ali+El+Kaafarani&background=0b0d17&color=a78bfa&size=128&bold=true,https://pqshield.com/,https://www.linkedin.com/in/ali-el-kaafarani/,
Dr. Amit Sinha,USA,CEO,DigiCert,Private,Industry Vendor,"Named CEO Oct 2022; leading World Quantum Readiness Day initiative; launched DigiCert ONE platform supporting PQC.",https://ui-avatars.com/api/?name=Amit+Sinha&background=0b0d17&color=a78bfa&size=128&bold=true,https://www.digicert.com/,https://www.linkedin.com/in/amitsinha/,
Todd Moore,France/USA,Global VP Data Security Products,Thales,Private,Industry Vendor,"Leads Luna HSMs and High Speed Encryptors; launched PQC Starter Kit with Quantinuum (Jan 2024); Thales co-authored FALCON algorithm.",https://ui-avatars.com/api/?name=Todd+Moore&background=0b0d17&color=a78bfa&size=128&bold=true,https://cpl.thalesgroup.com/,https://www.linkedin.com/in/todd-moore-a21a143/,
Dr. Atsushi Yamada,Canada,CEO,ISARA Corporation,Private,Industry Vendor,"Appointed CEO May 2023; pioneer of hybrid certificate approach with public patents; developed ISARA Catalyst Crypto Agile PKI platform.",https://ui-avatars.com/api/?name=Atsushi+Yamada&background=0b0d17&color=a78bfa&size=128&bold=true,https://www.isara.com/,https://www.linkedin.com/in/atsushi-yamada-4a990167/,
Dr. Shahram Mossayebi,UK,CEO and Co-Founder,Crypto Quantique,Private,Industry Vendor,"Founded company (2016) for IoT security using quantum technologies; created QDID—world's first quantum-driven secure silicon chip.",https://ui-avatars.com/api/?name=Shahram+Mossayebi&background=0b0d17&color=a78bfa&size=128&bold=true,https://crypto-quantique.com/,https://www.linkedin.com/in/mossayebi/,
Rebecca Krauthamer,USA,CEO and Co-Founder,QuSecure,Private,Industry Vendor,"Led $28M Series A; launched QuProtect—first end-to-end PQC software platform (May 2022); customers include U.S. Army and Air Force.",https://ui-avatars.com/api/?name=Rebecca+Krauthamer&background=0b0d17&color=a78bfa&size=128&bold=true,https://www.qusecure.com/,https://www.linkedin.com/in/rkrauthamer/,
Greg Wetmore,USA/Canada,VP of Software Development,Entrust,Private,Industry Vendor,"Leads Entrust Strong Identities and Trusted Infrastructure; proposed only IETF draft for composite (hybrid) certificates; NIST NCCoE participant.",https://ui-avatars.com/api/?name=Greg+Wetmore&background=0b0d17&color=a78bfa&size=128&bold=true,https://www.entrust.com/,https://www.linkedin.com/in/gregwetmore/,
Phil Venables,USA,"Venture Partner; Former CISO",Ballistic Ventures (former Google Cloud),Private,Industry Adopter,"Former VP Technical Infrastructure Security and CISO at Google Cloud (departed Apr 2025); led Google's multi-pronged PQC strategy: testing in Chrome since 2016, protecting internal comms since 2022, contributing to NIST standards; now Venture Partner at Ballistic Ventures.",https://ui-avatars.com/api/?name=Phil+Venables&background=0b0d17&color=10b981&size=128&bold=true,https://ballisticventures.com/,https://www.linkedin.com/in/philvenables/,
Sophie Schmieg,USA,Senior Cryptography Engineer,Google,Private,Industry Adopter,"Enabled PQC on Google's ALTS protocol (2022) with hybrid NTRU-HRSS + X25519; co-authored SPHINCS+; maintains PQC in BoringCrypto and Tink.",https://ui-avatars.com/api/?name=Sophie+Schmieg&background=0b0d17&color=10b981&size=128&bold=true,https://www.google.com/,https://www.linkedin.com/in/sophie-schmieg-14367499/,FIPS 205
Panos Kampanakis,USA,Principal Security Engineer AWS Cryptography,AWS,Private,Industry Adopter,"Key architect of AWS's PQC strategy; deployed ML-KEM PQC across KMS, Secrets Manager, Certificate Manager; AWS-LC FIPS 3.0 first library with ML-KEM in FIPS 140-3; CRYSTALS-Kyber retirement planned 2026.",https://ui-avatars.com/api/?name=Panos+Kampanakis&background=0b0d17&color=10b981&size=128&bold=true,https://aws.amazon.com/security/post-quantum-cryptography/,https://www.linkedin.com/in/panoskampanakis/,"RFC-9909;draft-ietf-tls-ecdhe-mlkem-04;draft-ietf-pquip-pqc-engineers-14"
Matthew Campagna,USA,"Lead Cryptographer; Chair ETSI TC CYBER WG QSC",AWS,Private,Standards,"Leads AWS cryptography R&D; chairs ETSI QSC since ~2017; co-authored AWS's multi-phase migration strategy; team contributed to NIST FIPS.",https://ui-avatars.com/api/?name=Matthew+Campagna&background=0b0d17&color=10b981&size=128&bold=true,https://aws.amazon.com/,https://www.linkedin.com/in/matt-campagna/,FIPS 203
Bas Westerbaan,Netherlands,Principal Research Engineer,Cloudflare,Private,Industry Adopter,"Primary architect of Cloudflare's PQC deployment; led X25519+ML-KEM hybrid; 38%+ HTTPS traffic PQC-protected (Mar 2025); working on Merkle Tree Certificates with Chrome; WARP PQC Phase 2 targeted summer 2026.",https://ui-avatars.com/api/?name=Bas+Westerbaan&background=0b0d17&color=10b981&size=128&bold=true,https://blog.cloudflare.com/,https://www.linkedin.com/in/baswesterbaan/,RFC 9881
Ehren Kret,USA,Protocol Developer/Cryptographer,Signal,Private,Industry Adopter,"Co-developed PQXDH protocol (Sep 2023) and Triple Ratchet with SPQR (Oct 2025); continuous PQC key agreement deployed in all Signal clients; collaborated with PQShield and NYU.",https://ui-avatars.com/api/?name=Ehren+Kret&background=0b0d17&color=10b981&size=128&bold=true,https://signal.org/,https://www.linkedin.com/in/ehrenkret/,
Rolfe Schmidt,USA,Engineer,Signal,Private,Industry Adopter,"Co-author of PQXDH; led development of SPQR Triple Ratchet (Oct 2025) with formal ProVerif verification; transparent automatic PQC ratcheting for all Signal users.",https://ui-avatars.com/api/?name=Rolfe+Schmidt&background=0b0d17&color=10b981&size=128&bold=true,https://signal.org/,https://www.linkedin.com/in/rolfeschmidt/,
Luke Ibbetson,UK,Head of Group R&D,Vodafone,Private,Industry Adopter,"Co-founded GSMA Post-Quantum Telco Network Taskforce with IBM (Sep 2022); Vodafone-IBM quantum-safe Secure Net smartphone security partnership (Mar 2025) protecting millions of mobile users; broader rollout planned 2026.",https://ui-avatars.com/api/?name=Luke+Ibbetson&background=0b0d17&color=10b981&size=128&bold=true,https://www.vodafone.com/,https://www.linkedin.com/in/luke-ibbetson-26170b23/,
Marco Pistoia,USA,SVP Industry Relations,IonQ,Private,Industry Vendor,"Former Head of Global Technology Applied Research at JPMorgan Chase (departed mid-2025); built one of first internal quantum teams at a financial institution; led QKD research and PQC implementation; now SVP Industry Relations at IonQ.",https://ui-avatars.com/api/?name=Marco+Pistoia&background=0b0d17&color=a78bfa&size=128&bold=true,https://ionq.com/,https://www.linkedin.com/in/pistoia/,
Sofia Celi,Portugal,"Cryptography Researcher; PQUIP WG Co-Chair",Brave Software,Private,Standards,"Co-chairs IETF PQUIP working group; co-author of KEMTLS protocol; contributor to TLS AuthKEM draft.",https://ui-avatars.com/api/?name=Sofia+Celi&background=0b0d17&color=60a5fa&size=128&bold=true,https://brave.com/,https://www.linkedin.com/in/sofia-celi-27704743/,
Russ Housley,USA,LAMPS WG Co-Chair,Vigil Security,Private,Standards,"Co-chairs LAMPS WG; extensive work on PQC for PKIX certificates and CMS; hybrid key establishment standards.",https://ui-avatars.com/api/?name=Russ+Housley&background=0b0d17&color=60a5fa&size=128&bold=true,https://www.vigilsec.com/,https://www.linkedin.com/in/russ-housley-41969/,"RFC 5652;RFC 5083"
Tim Hollebeek,USA,LAMPS WG Co-Chair,DigiCert,Private,Standards,"Co-chairs LAMPS WG; co-author of 'PQC for Engineers' draft; active in composite signatures and PQC certificates.",https://ui-avatars.com/api/?name=Tim+Hollebeek&background=0b0d17&color=60a5fa&size=128&bold=true,https://www.digicert.com/,https://www.linkedin.com/in/timothy-hollebeek-505b814/,draft-ietf-pquip-pqc-engineers-14
Mike Ounsworth,Canada,Software Security Architect,Entrust,Private,Standards,"Lead author of Composite ML-DSA signatures draft (adopted May 2024); Composite ML-KEM draft; pioneering hybrid/composite PKI since 2019.",https://ui-avatars.com/api/?name=Mike+Ounsworth&background=0b0d17&color=60a5fa&size=128&bold=true,https://www.entrust.com/,,draft-bonnell-lamps-chameleon-certs-07
Dr. Douglas Stebila,Canada,Professor,University of Waterloo,Academic,Standards,"Lead author of draft-ietf-tls-hybrid-design (TLS 1.3 hybrid key exchange); co-author of ECDHE-MLKEM drafts; foundational PQC TLS research.",https://ui-avatars.com/api/?name=Douglas+Stebila&background=0b0d17&color=60a5fa&size=128&bold=true,https://www.douglas.stebila.ca/,https://www.linkedin.com/in/douglasstebila/,draft-ietf-tls-ecdhe-mlkem-04
Kris Kwiatkowski,UK,Cryptography Researcher,PQShield,Private,Standards,"Lead author of draft-ietf-tls-ecdhe-mlkem (Post-quantum hybrid key agreement); key contributor to TLS PQC integration.",https://ui-avatars.com/api/?name=Kris+Kwiatkowski&background=0b0d17&color=60a5fa&size=128&bold=true,https://pqshield.com/,https://www.linkedin.com/in/krzysiekkwiatkowski/,"draft-ietf-tls-ecdhe-mlkem-04;draft-kwiatkowski-pquip-pqc-migration-00"
Dr. Thom Wiggers,Netherlands,Senior Cryptography Researcher,PQShield,Private,Standards,"Co-author of KEMTLS/AuthKEM drafts; Ph.D. on post-quantum protocols; contributor to stateful hash-based signature deployment guidance.",https://ui-avatars.com/api/?name=Thom+Wiggers&background=0b0d17&color=60a5fa&size=128&bold=true,https://pqshield.com/,https://www.linkedin.com/in/thomwiggers/,draft-ietf-tls-ecdhe-mlkem-04
Scott Fluhrer,USA,Security Researcher,Cisco Systems,Private,Standards,"Lead author of RFC 8784 (Mixing Preshared Keys in IKEv2 for PQ Security); pioneer in IKEv2 PQC since 2016.",https://ui-avatars.com/api/?name=Scott+Fluhrer&background=0b0d17&color=60a5fa&size=128&bold=true,https://www.cisco.com/,https://www.linkedin.com/in/scott-fluhrer-a824a0265/,"RFC-9909;draft-sfluhrer-ipsecme-ikev2-mldsa-00;draft-sfluhrer-ssh-mldsa"
Dr. James Howe,UK,"Vice-Chair ETSI QSC; Staff Research Scientist",SandboxAQ,Private,Standards,"Vice-Chair of QSC WG; co-author of SDitH signature scheme (NIST on-ramp); research on PQC hardware/software implementation.",https://ui-avatars.com/api/?name=James+Howe&background=0b0d17&color=60a5fa&size=128&bold=true,https://www.sandboxaq.com/,https://www.linkedin.com/in/jameshowe1729/,
Mark Pecen,Canada,Vice-Chair ETSI QSC,Beyond Affinity,Private,Standards,"Founding Chair of ETSI ISG QSC (2015); holds 100+ patents in communications/computing; shaped early QSC direction.",https://ui-avatars.com/api/?name=Mark+Pecen&background=0b0d17&color=60a5fa&size=128&bold=true,https://cyberprotection-magazine.com/interview-with-marc-pecen-on-quantum-safe-cryptography,https://www.linkedin.com/in/markpecen/,
Prof. Dr. Heung Youl Youm,South Korea,Former Chair ITU-T SG17 (2017-2024),Soonchunhyang University,Academic,Standards,Led ITU-T SG17 security standardization including QKD and PQC work for 7 years.,https://ui-avatars.com/api/?name=Heung+Youl+Youm&background=0b0d17&color=60a5fa&size=128&bold=true,https://www.sch.ac.kr/,https://www.linkedin.com/in/heung-youl-youm-77868412/,
Prof. Dr. Michele Mosca,Canada,"Founder Institute for Quantum Computing; Professor","University of Waterloo; evolutionQ",Academic,Standards,"PC Chair of ETSI/IQC Quantum Safe events; founder of IQC; global PQC advocacy leader; developed Mosca's theorem for quantum risk assessment.",https://ui-avatars.com/api/?name=Michele+Mosca&background=0b0d17&color=60a5fa&size=128&bold=true,https://uwaterloo.ca/institute-for-quantum-computing/,https://www.linkedin.com/in/dr-mosca/,"GRI-Quantum-Threat-Timeline-2024;GRI-Quantum-Threat-Timeline-2025"
Dr. Jean-Philippe Aumasson,Switzerland,Chief Security Officer,Taurus SA,Private,Algorithm Inventor,"Co-designer of SPHINCS+; creator of BLAKE hash function series; author of 'Serious Cryptography' and numerous security tools.",https://ui-avatars.com/api/?name=Jean-Philippe+Aumasson&background=0b0d17&color=f59e0b&size=128&bold=true,https://aumasson.jp/,https://www.linkedin.com/in/aumasson/,FIPS 205
Dr. Ward Beullens,Belgium,Research Scientist,IBM Research Europe Zurich,Private,Algorithm Inventor,"Principal designer of SDitH (NIST on-ramp algorithm); cryptanalyst who broke RAINBOW; expert in multivariate and code-based cryptography.",https://ui-avatars.com/api/?name=Ward+Beullens&background=0b0d17&color=f59e0b&size=128&bold=true,https://www.esat.kuleuven.be/cosic/people/ward-beullens/,https://www.linkedin.com/in/wardbeullens/,
Rob Joyce,USA,"Venture Partner; Former NSA Cybersecurity Director",DataTribe / Joyce Cyber LLC,Private,Government,"NSA Cybersecurity Director (2021-2024); led NSA's quantum computing and PQC strategy; advocate for early CNSA 2.0 adoption; retired Mar 2024; now venture partner at DataTribe and advisor to OpenAI and Microsoft.",https://ui-avatars.com/api/?name=Rob+Joyce&background=0b0d17&color=22d3ee&size=128&bold=true,https://datatribe.com/,https://www.linkedin.com/in/rob-joyce-b43445116/,
Anne Neuberger,USA,"Distinguished Lecturer; Senior Advisor",Stanford University / Andreessen Horowitz,Private,Government,"Former Deputy National Security Advisor for Cyber (2021-2025); led National Security Memorandum on quantum security (May 2022); coordinated whole-of-government PQC transition; now at Stanford and Hoover Institution.",https://ui-avatars.com/api/?name=Anne+Neuberger&background=0b0d17&color=22d3ee&size=128&bold=true,https://www.hoover.org/profiles/anne-neuberger,https://www.linkedin.com/in/anne-neuberger-13b4491b/,
Rachel Noble,Australia,Former Director-General,ASD (Australia),Public,Government,"Director-General of ASD (2020–Sep 2024); oversaw Australia's PQC strategy and quantum computing investments; coordinated Five Eyes quantum security initiatives; succeeded by Abigail Bradshaw (Sep 2024).",https://ui-avatars.com/api/?name=Rachel+Noble&background=0b0d17&color=22d3ee&size=128&bold=true,https://www.asd.gov.au/,https://www.linkedin.com/in/rachel-noble-908766324/,
Sami Khoury,Canada,"Senior Official for Cyber Security; Former Head CCCS",Government of Canada,Public,Government,"Canada's Senior Official for Cyber Security (from Sep 2024); former Head of the Canadian Centre for Cyber Security (CCCS); led Canadian cybersecurity strategy including PQC transition guidance; published ITSAP.00.017 on quantum-safe migration.",https://ui-avatars.com/api/?name=Sami+Khoury&background=0b0d17&color=22d3ee&size=128&bold=true,https://cyber.gc.ca/,https://www.linkedin.com/in/sami-khoury-1a263422/,
Dr. Brian LaMacchia,USA,"President; Founder",Farcaster Consulting Group,Private,Industry Vendor,"Former Distinguished Engineer and Head of Security & Cryptography at Microsoft Research (retired Dec 2022); 25+ years cryptographic research leadership at Microsoft; inaugural Executive Director of the MPC Alliance; PQC standards contributor and industry advisor.",https://ui-avatars.com/api/?name=Brian+LaMacchia&background=0b0d17&color=a78bfa&size=128&bold=true,,https://www.linkedin.com/in/brianlamacchia/,
Royal Hansen,USA,"Vice President; Privacy Safety and Security Engineering",Google,Private,Industry Adopter,"Leads Google's privacy safety and security engineering including PQC deployments; oversees Chrome browser PQC integration; coordinates quantum-safe strategy across Google products.",https://ui-avatars.com/api/?name=Royal+Hansen&background=0b0d17&color=10b981&size=128&bold=true,https://www.google.com/,https://www.linkedin.com/in/royal-hansen-989858/,
Nick Sullivan,USA,"Principal Consultant; Co-Chair CFRG and IRTF",Cryptography Consulting LLC,Private,Standards,"Former Cloudflare Head of Research; pioneered PQC in TLS 1.3 at scale; Co-Chair of Crypto Forum Research Group and IRTF; joining Internet Architecture Board (IAB) Mar 2026.",https://ui-avatars.com/api/?name=Nick+Sullivan&background=0b0d17&color=60a5fa&size=128&bold=true,https://nicksullivan.org/,https://www.linkedin.com/in/ntsullivan/,
Dr. Stanislav Smyshlyaev,Russia,Head of Cryptographic Solutions,CryptoPro,Private,Standards,"Russian representative to ISO/IEC JTC 1/SC 27/WG 2; contributor to ITU-T quantum security work; advocate for algorithm diversity in PQC.",https://ui-avatars.com/api/?name=Stanislav+Smyshlyaev&background=0b0d17&color=60a5fa&size=128&bold=true,https://www.cryptopro.ru/,https://www.linkedin.com/in/stanislav-smyshlyaev-62169333/,
Dr. Jintai Ding,USA/China,"Professor Emeritus; Dean","University of Cincinnati; Xi'an Jiaotong-Liverpool University",Academic,Algorithm Inventor,"Charles Phelps Taft Distinguished Professor Emeritus at University of Cincinnati; Dean of the School of Mathematics and Physics at Xi'an Jiaotong-Liverpool University (XJTLU); co-designer of RAINBOW (broken by Ward Beullens 2022); expert in multivariate cryptography.",https://ui-avatars.com/api/?name=Jintai+Ding&background=0b0d17&color=f59e0b&size=128&bold=true,https://homepages.uc.edu/~dingjt/,https://www.linkedin.com/in/jintai-ding-865b631b/,
Dr. Gorjan Alagic,USA,"Associate Research Scientist; Guest Researcher","QuICS (University of Maryland); NIST",Academic,Algorithm Inventor,"Associate Research Scientist at QuICS (University of Maryland) and Guest Researcher at NIST; co-editor of NISTIR 8413 on quantum security; extensive work on quantum algorithms and PQC security proofs.",https://ui-avatars.com/api/?name=Gorjan+Alagic&background=0b0d17&color=f59e0b&size=128&bold=true,https://www.nist.gov/,https://www.linkedin.com/in/gorjan-alagic/,NIST IR 8413
Dr. Yehuda Lindell,Israel,"Head of Cryptography; Engineering Fellow",Coinbase,Private,Industry Adopter,"Head of Cryptography and Engineering Fellow at Coinbase (after Coinbase acquired Unbound Security in Jan 2022); expert in secure multiparty computation and threshold cryptography; leads research on PQC-compatible MPC protocols.",https://ui-avatars.com/api/?name=Yehuda+Lindell&background=0b0d17&color=10b981&size=128&bold=true,https://yehudalindell.com/,https://www.linkedin.com/in/yehudalindell/,
Bruce Schneier,USA,"Security Technologist; Author",Harvard Kennedy School,Academic,Standards,"Public interest technology fellow; cybersecurity thought leader; extensive writing on quantum threats and PQC transition; advocate for open standards.",https://ui-avatars.com/api/?name=Bruce+Schneier&background=0b0d17&color=60a5fa&size=128&bold=true,https://www.schneier.com/,,
Dr. Johannes Buchmann,Germany,Professor Emeritus,TU Darmstadt,Academic,Standards,"Founder of European PQC research; established TU Darmstadt's cryptography group; extensive contributions to code-based and lattice cryptography education.",https://ui-avatars.com/api/?name=Johannes+Buchmann&background=0b0d17&color=60a5fa&size=128&bold=true,https://www.cryptoplexity.de/,https://www.linkedin.com/in/johannes-buchmann-6b9a18221/,
Prof. Dr. Thomas Pöppelmann,Germany,"Senior Principal Engineer; Security Architect",Infineon Technologies,Private,Industry Adopter,"Implemented first PQC on smart cards; co-designer of NewHope; Infineon achieved world-first CC EAL6 PQC certification (Jan 2025); partnered with BSI on quantum-secure ID card.",https://ui-avatars.com/api/?name=Thomas+Poppelmann&background=0b0d17&color=10b981&size=128&bold=true,https://www.infineon.com/,https://www.linkedin.com/in/thomas-pöppelmann-1875bb8a/,
David Adrian,USA,"Product Manager; Security Researcher",Google (Chrome Security),Private,Industry Adopter,"Product Manager on Chrome Security at Google; co-discovered LogJam and DROWN attacks on legacy TLS; co-founded Censys internet scanning platform; extensive work on cryptographic migration strategies including PQC readiness.",https://ui-avatars.com/api/?name=David+Adrian&background=0b0d17&color=10b981&size=128&bold=true,https://www.google.com/,https://www.linkedin.com/in/dadrian/,
Tim Callan,USA,Chief Experience Officer,Sectigo,Private,Industry Adopter,"PKI industry veteran; advocate for PQC adoption in TLS certificates; active in CA/Browser Forum discussions on quantum-safe PKI.",https://ui-avatars.com/api/?name=Tim+Callan&background=0b0d17&color=10b981&size=128&bold=true,https://sectigo.com/,https://www.linkedin.com/in/tim-callan/,
Dr. Scott Totzke,Canada,Co-Founder,ISARA Corporation,Private,Industry Adopter,"Co-founded ISARA in 2015 to commercialize post-quantum cryptography; pioneered enterprise crypto-agility solutions and hybrid certificate deployments; led early enterprise PQC adoption strategies and quantum-safe PKI commercialization.",https://ui-avatars.com/api/?name=Scott+Totzke&background=0b0d17&color=10b981&size=128&bold=true,https://www.isara.com/,https://www.linkedin.com/in/scotttotzke/,
Kevin Bocek,USA,Chief Innovation Officer,Venafi,Private,Industry Adopter,"Leads machine identity security research; advocates for crypto-agility and inventory management for PQC migration; extensive PKI transformation expertise.",https://ui-avatars.com/api/?name=Kevin+Bocek&background=0b0d17&color=10b981&size=128&bold=true,https://www.venafi.com/,https://www.linkedin.com/in/kevinbocek/,
Dr. Rainer Steinwandt,USA,Professor,Florida Atlantic University,Academic,Standards,"Focuses on quantum-safe protocols and implementations; research on PQC in constrained environments; contributor to IoT security standards.",https://ui-avatars.com/api/?name=Rainer+Steinwandt&background=0b0d17&color=60a5fa&size=128&bold=true,https://www.fau.edu/,https://www.linkedin.com/in/rainer-steinwandt-02849412/,
Dr. Nikita Borisov,USA,Professor,University of Illinois,Academic,Standards,"Research on PQC in real-world protocols; contributor to secure messaging systems; extensive work on hybrid encryption schemes.",https://ui-avatars.com/api/?name=Nikita+Borisov&background=0b0d17&color=60a5fa&size=128&bold=true,https://ece.illinois.edu/,https://www.linkedin.com/in/nikitaborisov/,
Thomas Coratger,France,"Cryptographic Engineer; PQC Team Lead",Ethereum Foundation,Private,Industry Adopter,"Leads Ethereum Foundation's post-quantum security team (Jan 2026); driving PQ-safe Ethereum with biweekly dev sessions and multi-client test networks; $2M in research prizes ($1M Poseidon Prize for hash-based cryptography + $1M Proximity Prize).",https://ui-avatars.com/api/?name=Thomas+Coratger&background=0b0d17&color=10b981&size=128&bold=true,https://ethereum.org/,https://www.linkedin.com/in/thomas-coratger-4099aa160/,
Jaime Gomez Garcia,Spain,Head of Quantum Technologies,Banco Santander,Private,Industry Adopter,"Pioneer in financial-sector PQC adoption; leads Santander's quantum-safe cryptography strategy; active in ETSI QSC working group and IBM Quantum Network; promotes quantum risk awareness across global banking.",https://ui-avatars.com/api/?name=Jaime+Gomez+Garcia&background=0b0d17&color=a78bfa&size=128&bold=true,https://www.santander.com/,https://www.linkedin.com/in/jaime-gomez-garcia/,
Mike Osborne,Switzerland,Distinguished Engineer & CTO Cryptography,IBM Research,Private,Industry Vendor,"Co-architect of IBM Quantum Safe framework; led IBM's contributions to NIST PQC standardization; co-developed the Cryptography Bill of Materials (CBOM) concept for cryptographic inventory and agility management.",https://ui-avatars.com/api/?name=Mike+Osborne&background=0b0d17&color=a78bfa&size=128&bold=true,https://research.ibm.com/,https://www.linkedin.com/in/michael-osborne-qsafe/,
Bill Newhouse,USA,Cybersecurity Engineer,NIST NCCoE,Public,Government,"Project lead for NIST NCCoE PQC migration practice guides (SP 1800-38 series); co-authored NIST IR 8547 on interoperability and FIPS 203/204/205 adoption; drives federal agency quantum-safe readiness.",https://ui-avatars.com/api/?name=Bill+Newhouse&background=0b0d17&color=22d3ee&size=128&bold=true,https://www.nccoe.nist.gov/,https://www.linkedin.com/in/cybernewhouse/,
Blair Canavan,Canada,Director of Alliances – PKI and PQC Portfolio,Thales,Private,Industry Vendor,"Leads Thales PQC Partner Ecosystem and Quantum-Safe 360 Alliance (with IBM Consulting, Keyfactor, Quantinuum) to accelerate enterprise quantum-safe migrations; 30+ years of cybersecurity expertise driving crypto-agility readiness.",https://ui-avatars.com/api/?name=Blair+Canavan&background=0b0d17&color=a78bfa&size=128&bold=true,https://cpl.thalesgroup.com/,https://www.linkedin.com/in/blair-canavan-5b708a2/,
Fabiana Da Pieve,Italy,Programme and Policy Officer,European Commission (DG CNECT),Public,Government,"Designs EU-wide PQC deployment policy at DG CNECT; co-leads the NIS cooperation group PQC workstream coordinating member-state quantum-safe transitions; bridges quantum physics research with cryptographic security policy including EuroQCI.",https://ui-avatars.com/api/?name=Fabiana+Da+Pieve&background=0b0d17&color=22d3ee&size=128&bold=true,https://digital-strategy.ec.europa.eu/,https://www.linkedin.com/in/fabiana-da-pieve-585b132a/,
Prof Bill Buchanan OBE,UK,Professor of Applied Cryptography,Edinburgh Napier University,Academic,Standards,"Creator of asecuritysite.com with 30+ books and 400+ research papers on PQC; OBE for services to cybersecurity (2017); FRSE; Top 2% of scientists globally (Stanford 2025); Times Higher Education 'Most Innovative Teacher' 2023; vocal advocate for FIPS 203/204/205 adoption.",https://ui-avatars.com/api/?name=Bill+Buchanan&background=0b0d17&color=60a5fa&size=128&bold=true,https://asecuritysite.com/,https://www.linkedin.com/in/billatnapier/,
Dr. Bob Sutor,USA,CEO and Founder,Sutor Group Intelligence and Advisory,Private,Industry Vendor,"Former VP IBM Quantum with 40+ years at IBM; author of 'Dancing with Qubits'; board member Nu Quantum; Adjunct Professor University at Buffalo; daily quantum and PQC industry analyst; enterprise quantum readiness advocate.",https://ui-avatars.com/api/?name=Bob+Sutor&background=0b0d17&color=a78bfa&size=128&bold=true,https://www.robertsutor.com/,https://www.linkedin.com/in/bobsutor/,
Bruno Couillard,Canada,CEO and Co-Founder,Crypto4A Technologies,Private,Industry Vendor,"30+ years in security including Canadian Forces and CSE; co-founder of Crypto4A; pioneer of crypto-agile HSMs (QxHSM and QxEDGE) rebuilt from ground up for PQC; PKI Consortium member; inaugural Quantum Security 25 honoree.",https://ui-avatars.com/api/?name=Bruno+Couillard&background=0b0d17&color=a78bfa&size=128&bold=true,https://crypto4a.com/,https://www.linkedin.com/in/brunocouillard/,
Dr. Colin Soutar,USA,"Managing Director; Global Quantum Cyber Readiness Lead",Deloitte,Private,Industry Vendor,"Global lead for quantum cyber readiness at Deloitte; World Economic Forum agenda contributor on quantum cybersecurity; U.S. Government and Public Services Cyber Ecosystems & Alliances leader; champions crypto-agility and PQC migration for enterprise and government.",https://ui-avatars.com/api/?name=Colin+Soutar&background=0b0d17&color=a78bfa&size=128&bold=true,https://www2.deloitte.com/us/en/pages/risk/topics/quantum-cyber-readiness.html,https://www.linkedin.com/in/colinsoutar/,
Denis Mandich,USA,CTO and Co-Founder,Qrypt,Private,Industry Vendor,"20 years in U.S. Intelligence Community on national security and cyber infrastructure; co-founded Qrypt for quantum-secure encryption using quantum entropy; active in NIST PQC standards bodies; advocate for end-to-end quantum-safe encryption.",https://ui-avatars.com/api/?name=Denis+Mandich&background=0b0d17&color=a78bfa&size=128&bold=true,https://www.qrypt.com/,https://www.linkedin.com/in/denismandich/,
Éric Brier,France,CTO Cyber Defence Solutions,Thales Group,Private,Algorithm Inventor,"CTO at Thales leading the team that co-designed FALCON (FIPS 206); Thales lab co-author of FALCON signature algorithm selected by NIST as PQC standard after six-year competition; research background in fault attacks and cryptographic implementations.",https://ui-avatars.com/api/?name=Eric+Brier&background=0b0d17&color=f59e0b&size=128&bold=true,https://www.thalesgroup.com/,https://www.linkedin.com/in/ericbrier/,FIPS 206
Konstantinos Karagiannis,USA,Director Quantum Computing Services,Protiviti,Private,Industry Vendor,"In quantum computing and InfoSec since the 1990s; hosts Protiviti's 'The Post-Quantum World' podcast; led PQC agility assessment with DTCC; frequent speaker at RSA, Black Hat, and DEF CON; advocates for enterprise PQC migration and quantum readiness.",https://ui-avatars.com/api/?name=Konstantinos+Karagiannis&background=0b0d17&color=a78bfa&size=128&bold=true,https://www.protiviti.com/us-en/quantum-computing-services,https://www.linkedin.com/in/konstantinos-karagiannis-0a09503/,
Dr. Krysta Svore,USA,VP Applied Research – Quantum Computing,NVIDIA,Private,Industry Vendor,"Former Technical Fellow and VP at Microsoft Azure Quantum (departed Nov 2025); co-creator of Q# quantum programming language; led QuArC research group on fault-tolerant quantum algorithms; now VP Applied Research – Quantum Computing at NVIDIA.",https://ui-avatars.com/api/?name=Krysta+Svore&background=0b0d17&color=a78bfa&size=128&bold=true,https://www.nvidia.com/,https://www.linkedin.com/in/krysta-svore-a8920542/,
Niccolò De Masi,USA,Chairman and CEO,IonQ,Private,Industry Vendor,"Chairman and CEO of IonQ (NYSE: IONQ); leads quantum networking strategy via acquisitions of ID Quantique, Capella Space, Lightsynq, and Skyloom; building distributed quantum entanglement and QKD infrastructure; testified to U.S. Senate on quantum security; advocates for PQC and QKD adoption to protect critical infrastructure.",https://ui-avatars.com/api/?name=Niccolo+De+Masi&background=0b0d17&color=a78bfa&size=128&bold=true,https://ionq.com/,https://www.linkedin.com/in/niccolo-de-masi-25929914/,
Philip Intallura,UK,Group Head of Quantum Technologies,HSBC,Private,Industry Adopter,"Group Head of Quantum Technologies at HSBC; inaugural Quantum Security 25 award winner; leads HSBC's quantum-safe cryptography strategy across PQC and QKD; advocates for crypto-agility and multi-year PQC migration planning in financial services.",https://ui-avatars.com/api/?name=Philip+Intallura&background=0b0d17&color=10b981&size=128&bold=true,https://www.hsbc.com/,https://www.linkedin.com/in/intallura/,
Sheetal Mehta,India,SVP and Global Head of Cybersecurity,NTT DATA,Private,Industry Vendor,"SVP and Global Head of Cybersecurity at NTT DATA with 30+ years of experience; led NTT DATA–Fortanix Cryptography-as-a-Service partnership for AI and post-quantum era; advocates for cryptographic discovery and PQC migration roadmaps; warns of harvest-now-decrypt-later threats.",https://ui-avatars.com/api/?name=Sheetal+Mehta&background=0b0d17&color=a78bfa&size=128&bold=true,https://services.global.ntt/en-us/insights/,https://www.linkedin.com/in/sheetal-mehta-026aa34/,
Tom Patterson,USA,Managing Director Emerging Technology Security,Accenture,Private,Industry Vendor,"Managing Director for Emerging Technology Security at Accenture; developed quantum security maturity index; co-led first successful multi-orbit PQC communications link with QuSecure; WEF contributor on quantum security; PKI Consortium PQC conference speaker.",https://ui-avatars.com/api/?name=Tom+Patterson&background=0b0d17&color=a78bfa&size=128&bold=true,https://www.accenture.com/us-en/services/security-index,https://www.linkedin.com/in/tomtalks/,
Damien Stehlé,France,"Professor; CryptoLab Research Director","ENS de Lyon; CryptoLab",Academic,Algorithm Inventor,"Co-designed ML-KEM (CRYSTALS-Kyber) and ML-DSA (CRYSTALS-Dilithium), two of three NIST PQC standards published in 2024. Founded CryptoLab's Lyon research center. ERC grant recipient for lattice-based cryptography research (LattAC project).",https://ui-avatars.com/api/?name=Damien+Stehle&background=0b0d17&color=10b981&size=128&bold=true,https://perso.ens-lyon.fr/damien.stehle/,https://www.linkedin.com/in/damien-stehl%C3%A9-0576351/,"FIPS 203;FIPS 204"
Pierre-Alain Fouque,France,Professor,"Université de Rennes; IRISA/Inria",Academic,Algorithm Inventor,"Co-designer of FALCON (FN-DSA), NIST's lattice-based signature standard. Leads the CAPSULE team at IRISA/Inria focused on embedded security and cryptography. Coordinates the PQ-TLS project developing post-quantum HTTPS protocols.",https://ui-avatars.com/api/?name=Pierre-Alain+Fouque&background=0b0d17&color=10b981&size=128&bold=true,https://www.di.ens.fr/~fouque/,https://www.linkedin.com/in/pierre-alain-fouque-42b3841/,FIPS 206
Adeline Roux-Langlois,France,CNRS Directrice de recherche,"GREYC; Université de Caen Normandie",Academic,Standards,Specialist in lattice-based cryptography security proofs. Key contributions to post-quantum anonymous credentials (CRYPTO 2023) and practical post-quantum privacy signatures (ACM CCS 2024). PhD from ENS de Lyon under Damien Stehlé.,https://ui-avatars.com/api/?name=Adeline+Roux-Langlois&background=0b0d17&color=10b981&size=128&bold=true,https://langloi227.users.greyc.fr/,,
Daniel J. Bernstein,USA/Netherlands,"Research Professor; Personal Professor","University of Illinois Chicago;TU Eindhoven",Academic,Algorithm Inventor,"Coined the term ""post-quantum cryptography"" (2003); co-designed SPHINCS+ (now FIPS 205 / SLH-DSA, NIST standard) with Andreas Hülsing and team; co-designed Classic McEliece (NIST on-ramp finalist, oldest studied code-based KEM); co-designed NTRU Prime; creator of Curve25519, ChaCha20/Poly1305, and NaCl/libsodium cryptographic library.",https://ui-avatars.com/api/?name=Daniel+Bernstein&background=0b0d17&color=f59e0b&size=128&bold=true,https://cr.yp.to/,,FIPS 205
Prof. Oded Regev,USA/Israel,Silver Professor of Computer Science,NYU Courant Institute of Mathematical Sciences,Academic,Algorithm Inventor,"Inventor of Learning With Errors (LWE, 2005) — the foundational hard problem underlying ML-KEM (Kyber) and ML-DSA (Dilithium); proved quantum reduction establishing LWE hardness; 2018 Gödel Prize for LWE work; ACM Fellow 2025; foundational figure in lattice-based cryptography theory.",https://ui-avatars.com/api/?name=Oded+Regev&background=0b0d17&color=f59e0b&size=128&bold=true,https://cims.nyu.edu/~regev/,,
Prof. Tanja Lange,Germany/Netherlands,"Full Professor of Cryptology; Chair PQCrypto Steering Committee",TU Eindhoven,Academic,Algorithm Inventor,"Full Professor of Cryptology at TU Eindhoven; co-designed NTRU Prime (NIST on-ramp finalist) with Daniel Bernstein; co-authored Classic McEliece papers; co-organized the inaugural PQCrypto workshop (2006) and chairs its steering committee; Scientific Director of Ei/PSI (Eindhoven Institute for Protection of Systems and Information); ERC grant recipient for post-quantum research.",https://ui-avatars.com/api/?name=Tanja+Lange&background=0b0d17&color=f59e0b&size=128&bold=true,https://hyperelliptic.org/tanja/,,
Zak Pantelli,UK,Distinguished Architect for Data Security & Cryptography,GSK,Private,Industry Adopter,"Distinguished Architect for Data Security & Cryptography at GSK; leads the organisation's PQC migration strategy and cryptographic architecture aligned with NIST post-quantum standards. Career spans cryptography roles at Barclays, Lloyds Banking Group, Santander UK, and the UK Ministry of Defence.",https://ui-avatars.com/api/?name=Zak+Pantelli&background=0b0d17&color=10b981&size=128&bold=true,,https://www.linkedin.com/in/zak-pantelli-65473a94/,
Paul van Brouwershaven,Netherlands,"Chair; Founder & CEO","PKI Consortium;Digitorus",Private,Standards,"Chairs the PKI Consortium's Post-Quantum Cryptography Working Group and co-organises the annual PQC Conference series. Authored the PQC Maturity Model (PQCMM), a practical framework adopted by governments and enterprises to assess quantum-readiness and plan migration strategies. Founder and CEO of Digitorus with 25+ years in PKI and digital trust.",https://ui-avatars.com/api/?name=Paul+van+Brouwershaven&background=0b0d17&color=60a5fa&size=128&bold=true,https://www.digitorus.com/,https://www.linkedin.com/in/pvanbrouwershaven/,
Albert de Ruiter,Netherlands,"Vice Chair; Policy Authority for PKI (PKIoverheid)","PKI Consortium;Logius",Public,Government,"Vice Chair of the PKI Consortium and Policy Authority for PKI at Logius (Dutch Ministry of Internal Affairs); co-founded the PKI Consortium's annual PQC Conference series, a major international forum for PQC standardisation and adoption. Active member of the Dutch government's quantum-safe cryptography working group; teaches quantum-safe digital infrastructure governance at TU Delft.",https://ui-avatars.com/api/?name=Albert+de+Ruiter&background=0b0d17&color=22d3ee&size=128&bold=true,,,
Sven Rajala,USA,Senior PKI & PQC Strategy Consultant,Keyfactor,Private,Industry Vendor,"Senior cybersecurity consultant at Keyfactor specialising in PKI automation and PQC readiness; leads quantum-safe migration strategy for enterprise clients. Hosts the KEYMASTER educational video series covering practical PQC implementation including hybrid certificates, ML-DSA/SLH-DSA signatures, and NIST SP 800-227 KEM guidance. Active presenter at PKI Consortium PQC Conferences.",https://ui-avatars.com/api/?name=Sven+Rajala&background=0b0d17&color=a78bfa&size=128&bold=true,https://www.keyfactor.com/,https://www.linkedin.com/in/international-pki-man-of-mystery/,
Chris Bailey,USA,Board Chair,"PKI Consortium;AppViewX",Private,Standards,"Board Chair of the PKI Consortium and founding member of both the CA/Browser Forum and PKI Consortium; a 25+ year digital trust and PKI veteran driving industry-wide quantum-safe readiness. Former SVP at Entrust; advocates urgently for rapid collective migration to post-quantum encryption, stating ""We have no choice but to transition quickly and collectively.""",https://ui-avatars.com/api/?name=Chris+Bailey&background=0b0d17&color=60a5fa&size=128&bold=true,,https://www.linkedin.com/in/christophertmbailey/,
Tomas Gustavsson,Sweden,"Chief PKI Officer; Co-Founder",Keyfactor,Private,Industry Vendor,"Created EJBCA, the world's leading open-source enterprise PKI software, which now supports all NIST-standardized PQC algorithms (ML-KEM, ML-DSA, SLH-DSA). As Chief PKI Officer at Keyfactor and co-founder of PrimeKey, he has been a central voice on hybrid certificate migration and practical PQC readiness for enterprise PKI. He actively presents at global conferences and contributes to the PKI Consortium PQC working groups.",https://ui-avatars.com/api/?name=Tomas+Gustavsson&background=0b0d17&color=a78bfa&size=128&bold=true,https://www.keyfactor.com/,https://www.linkedin.com/in/tgustavsson/,
David Hook,Australia,"VP Software Engineering; Founder",Legion of the Bouncy Castle,Private,Industry Vendor,"Co-founded the Legion of the Bouncy Castle in 2000 — one of the most widely used open-source cryptographic API libraries in Java and C# — which integrated full NIST PQC standard support (ML-KEM, ML-DSA, SLH-DSA) through 2024. He led the FIPS 140-2/3 certifications of Bouncy Castle's Java and C# APIs and presents extensively on hybrid PQC techniques, stateless PQC digital signatures, and Key Encapsulation Mechanisms. His work makes enterprise-grade PQC accessible to millions of developers globally.",https://ui-avatars.com/api/?name=David+Hook&background=0b0d17&color=a78bfa&size=128&bold=true,https://www.bouncycastle.org/,https://www.linkedin.com/in/david-hook-29b720/,draft-bonnell-lamps-chameleon-certs-07
Corey Bonnell,USA,Technology Strategist,DigiCert,Private,Standards,"Active co-author in the IETF LAMPS Working Group and originator of the Chameleon Certificates Internet-Draft (draft-bonnell-lamps-chameleon-certs), which enables paired classical/PQC certificate structures for phased quantum migration. He co-authored the IETF PQC for Engineers guidance document and contributes to standardizing how ML-DSA, SLH-DSA, and composite algorithms are encoded in X.509 certificates. He represents DigiCert in CA/Browser Forum, X9, and IETF standards bodies.",https://ui-avatars.com/api/?name=Corey+Bonnell&background=0b0d17&color=60a5fa&size=128&bold=true,https://www.digicert.com/,https://www.linkedin.com/in/coreybonnell/,draft-bonnell-lamps-chameleon-certs-07
John Gray,Canada,Software Developer (Architect),Entrust,Private,Standards,"Lead co-author of the IETF LAMPS Composite ML-DSA and Composite ML-KEM Internet-Drafts, which define how hybrid classical+PQC algorithms are encoded in X.509 certificates and CMS structures. His composite certificate standards work — together with Mike Ounsworth at Entrust — was adopted into the IETF standards track and represents the primary industry path for backward-compatible PQC certificate migration. He has published 3 RFCs and maintains 9+ active Internet-Drafts across LAMPS and related working groups.",https://ui-avatars.com/api/?name=John+Gray&background=0b0d17&color=60a5fa&size=128&bold=true,https://www.entrust.com/,https://www.linkedin.com/in/john-gray-aa281460/,draft-bonnell-lamps-chameleon-certs-07
Sudha E. Iyer,Ireland,Chief Cybersecurity Architect (Digital Assets and Data),Citi,Private,Industry Adopter,"Founding member of the FS-ISAC Post-Quantum Cryptography Working Group, representing the financial sector's largest global coordination effort on quantum migration readiness. As Chief Cybersecurity Architect at Citi with over 20 years of cryptographic architecture experience, she leads enterprise-scale PQC adoption strategy at one of the world's largest financial institutions. She also serves as International Project Leader at ISO for smart contract and blockchain security standardization, and speaks internationally on PQC readiness in regulated industries.",https://ui-avatars.com/api/?name=Sudha+Iyer&background=0b0d17&color=10b981&size=128&bold=true,https://www.fsisac.com/knowledge/pqc,https://www.linkedin.com/in/sudhaeiyer/,
Tadahiko Ito,Japan,Senior Researcher,SECOM CO. LTD.,Private,Standards,"Senior Researcher at SECOM specializing in cryptographic key management, PQC migration planning, and policy standardization, with IETF contributions including RFC 9336 (X.509 Extended Key Usage for document signing). He contributes to IETF PQC certificate migration guidance and the IETF Hackathon's pqc-certificates interoperability project, and co-authored a 2025 academic paper on the grand challenges of PQC blockchain migration. He is a regular speaker at international forums including the PKI Consortium PQC Conference and FS-ISAC APAC Summit.",https://ui-avatars.com/api/?name=Tadahiko+Ito&background=0b0d17&color=60a5fa&size=128&bold=true,https://www.secom.co.jp/english/,https://www.linkedin.com/in/tadahiko-ito-b1b674160/,
Tomofumi Okubo,USA,"Software Engineer; Standards Contributor",DigiCert,Private,Standards,"Co-author of Chameleon Certificates IETF Internet-Draft (draft-bonnell-lamps-chameleon-certs) and active contributor to IETF LAMPS Working Group hybrid PKI specifications; represents DigiCert in standardization of PQC X.509 certificate formats and encoding.",https://ui-avatars.com/api/?name=Tomofumi+Okubo&background=0b0d17&color=60a5fa&size=128&bold=true,https://www.digicert.com/,,draft-bonnell-lamps-chameleon-certs-07
Dr. Marco Piani,Canada,Senior Research Analyst,evolutionQ Inc.,Private,Standards,"Co-author with Michele Mosca of the annual Global Risk Institute Quantum Threat Timeline reports (2024, 2025); provides quantitative probabilistic assessments of cryptographically relevant quantum computer (CRQC) timelines used by policymakers and enterprises worldwide.",https://ui-avatars.com/api/?name=Marco+Piani&background=0b0d17&color=60a5fa&size=128&bold=true,https://evolutionq.com/,,"GRI-Quantum-Threat-Timeline-2024;GRI-Quantum-Threat-Timeline-2025"
Alison Becker,USA,Cryptographer,National Security Agency (NSA),Public,Government,"NSA cryptographer and co-author of RFC 9763, specifying algorithm identifiers for ML-KEM, ML-DSA, and SLH-DSA for use with the Commercial National Security Algorithm Suite 2.0 (CNSA 2.0); contributes to NSA public guidance on quantum-safe cryptography.",https://ui-avatars.com/api/?name=Alison+Becker&background=0b0d17&color=22d3ee&size=128&bold=true,https://www.nsa.gov/,,RFC-9763
Michael Jenkins,USA,"Technical Director; Cryptographer",National Security Agency (NSA),Public,Government,"NSA Technical Director and co-author of RFC 9763 defining algorithm identifiers for post-quantum algorithms in CNSA 2.0; contributor to NSA public guidance on quantum-safe cryptography transitions for national security systems.",https://ui-avatars.com/api/?name=Michael+Jenkins&background=0b0d17&color=22d3ee&size=128&bold=true,https://www.nsa.gov/,,RFC-9763
Rebecca Guthrie,USA,Cryptographer,National Security Agency (NSA),Public,Government,"NSA cryptographer and co-author of RFC 9763, establishing the algorithm identifiers for ML-KEM, ML-DSA, and SLH-DSA used in federal CNSA 2.0 implementations; contributes to standards underpinning U.S. national security PQC migration.",https://ui-avatars.com/api/?name=Rebecca+Guthrie&background=0b0d17&color=22d3ee&size=128&bold=true,https://www.nsa.gov/,,RFC-9763
Allen Roginsky,USA,Research Scientist,NIST,Public,Government,"NIST Computer Security Division researcher and co-author of NIST SP 800-131A Revision 3, providing guidance on transitioning cryptographic key lengths and algorithms to post-quantum standards across U.S. federal systems.",https://ui-avatars.com/api/?name=Allen+Roginsky&background=0b0d17&color=22d3ee&size=128&bold=true,https://csrc.nist.gov/,,NIST-SP-800-131A-Rev3
Elaine Barker,USA,Research Scientist,NIST,Public,Government,"NIST researcher and co-author of NIST SP 800-131A Revision 3, guiding federal agencies on transitioning cryptographic key lengths and algorithms to post-quantum standards; long-time contributor to NIST SP 800-57 key management recommendations.",https://ui-avatars.com/api/?name=Elaine+Barker&background=0b0d17&color=22d3ee&size=128&bold=true,https://csrc.nist.gov/,,NIST-SP-800-131A-Rev3
Suzanne Lightman,USA,"Research Scientist; Project Lead",NIST NCCoE,Public,Government,"NIST NCCoE project lead and co-author of NIST SP 800-82 Revision 3 (Guide to Operational Technology Security); key contributor to guidance on OT/ICS PQC migration for critical infrastructure sectors including energy, manufacturing, and transportation.",https://ui-avatars.com/api/?name=Suzanne+Lightman&background=0b0d17&color=22d3ee&size=128&bold=true,https://www.nccoe.nist.gov/,,NIST SP 800-82 Rev. 3
Michael Thompson,USA,"Lead Engineer; OT Security Expert",MITRE,Private,Standards,"MITRE engineer and co-author of NIST SP 800-82 Revision 3, providing authoritative guidance on cybersecurity for operational technology (OT) environments; his work informs PQC migration planning for industrial control systems and critical infrastructure.",https://ui-avatars.com/api/?name=Michael+Thompson&background=0b0d17&color=60a5fa&size=128&bold=true,https://www.mitre.org/,,NIST SP 800-82 Rev. 3
Eric Rescorla,USA,Chief Technology Officer,Mozilla,Private,Standards,"Chief Technology Officer at Mozilla; primary editor of TLS 1.3 (RFC 8446) and DTLS 1.3 (RFC 9147); one of the most influential contributors to modern web security protocols whose standards are the primary migration targets for quantum-safe TLS deployment.",https://ui-avatars.com/api/?name=Eric+Rescorla&background=0b0d17&color=60a5fa&size=128&bold=true,https://mozilla.org/,,"RFC 8446;RFC 9147"
David Benjamin,USA,"Senior Software Engineer; Standards Contributor",Google,Private,Standards,"Google software engineer and co-author of the IETF Merkle Tree Certificates Internet-Draft, developing post-quantum optimized certificate compression for TLS that dramatically reduces handshake sizes while enabling PQC algorithms; active contributor to TLS and BoringSSL.",https://ui-avatars.com/api/?name=David+Benjamin&background=0b0d17&color=60a5fa&size=128&bold=true,https://www.google.com/,,draft-ietf-plants-merkle-tree-certs
Jake Massimo,USA,"Applied Scientist; Cryptography Researcher",Amazon Web Services,Private,Standards,"AWS cryptography researcher and co-author of RFC 9909 (Post-Quantum Traditional Hybrid Key Encapsulation Methods), defining standards for combining classical and PQC key exchange mechanisms in a secure hybrid construction adopted in TLS and IKEv2.",https://ui-avatars.com/api/?name=Jake+Massimo&background=0b0d17&color=60a5fa&size=128&bold=true,https://aws.amazon.com/,,RFC-9909
Jim Schaad,USA,Security Standards Contributor,August Cellars,Private,Standards,"Prolific IETF security standards author who edited COSE (RFC 9052), CBOR security formats, and S/MIME cryptographic message standards; his foundational work enables PQC algorithm integration in constrained IoT environments. Passed away August 2021.",https://ui-avatars.com/api/?name=Jim+Schaad&background=0b0d17&color=60a5fa&size=128&bold=true,,,RFC 9052
Karen Seo,USA,Network Security Engineer,BBN Technologies,Private,Standards,"Co-author of RFC 4301 (Security Architecture for IP / IPsec), the foundational standard for IPsec that forms the basis for quantum-safe VPN migration planning under CNSA 2.0 and NIST guidance across government and enterprise environments.",https://ui-avatars.com/api/?name=Karen+Seo&background=0b0d17&color=60a5fa&size=128&bold=true,,,RFC 4301
Stephen Kent,USA,"Chief Scientist, Information Security",BBN Technologies,Private,Standards,"Author of RFC 4303 (IP Encapsulating Security Payload) and RFC 4301 (IPsec Architecture), foundational VPN security standards that are primary migration targets in quantum-safe transition programs; former IETF Security Area Director.",https://ui-avatars.com/api/?name=Stephen+Kent&background=0b0d17&color=60a5fa&size=128&bold=true,,,"RFC 4303;RFC 4301"
Pieter Wuille,Belgium/USA,"Bitcoin Core Developer; Co-Founder","Bitcoin Core;Chaincode Labs",Private,Algorithm Inventor,"Author of BIP-32 (Hierarchical Deterministic Wallets) and BIP-141 (Segregated Witness), foundational Bitcoin cryptographic standards; co-author of BIP-340 Schnorr signatures; co-founder of Chaincode Labs; his protocol designs are primary targets for digital asset PQC migration.",https://ui-avatars.com/api/?name=Pieter+Wuille&background=0b0d17&color=f59e0b&size=128&bold=true,https://chaincode.com/,,"BIP-32;BIP-141"
Tim Ruffing,Germany,"Research Scientist; Cryptographer",Blockstream,Private,Algorithm Inventor,"Author of BIP-340 (Schnorr Signatures for Bitcoin), enabling efficient signature aggregation; researcher at Blockstream; co-author of MuSig2 threshold signatures; his signature schemes are central to digital asset cryptographic infrastructure requiring PQC migration.",https://ui-avatars.com/api/?name=Tim+Ruffing&background=0b0d17&color=f59e0b&size=128&bold=true,https://blockstream.com/,,BIP-340
Anthony Towns,Australia,"Bitcoin Core Developer; Researcher",Bitcoin Core,Private,Standards,"Author of BIP-341 (Taproot), upgrading Bitcoin smart contracts with Schnorr signatures and Merkle trees; independent Bitcoin Core developer whose protocol upgrades are relevant to PQC migration planning for digital asset ecosystems.",https://ui-avatars.com/api/?name=Anthony+Towns&background=0b0d17&color=60a5fa&size=128&bold=true,,,BIP-341
Gavin Wood,UK,"Co-Founder; CTO","Ethereum Foundation;Parity Technologies",Private,Industry Vendor,"Co-founder of Ethereum and author of the Ethereum Yellow Paper defining the EVM protocol; founder of Parity Technologies and Polkadot/Web3 Foundation; his foundational blockchain architecture designs are central to PQC migration strategies for decentralized infrastructure.",https://ui-avatars.com/api/?name=Gavin+Wood&background=0b0d17&color=a78bfa&size=128&bold=true,https://ethereum.org/,,Ethereum-Yellow-Paper
Brian Campbell,USA,"Senior Technical Architect; OAuth Expert",Ping Identity,Private,Standards,"Co-author of SD-JWT Verifiable Credentials (RFC-9901) and DPoP (RFC 9449); prolific IETF OAuth working group contributor; his digital identity and access token standards require PQC-safe signature migration across enterprise SSO and identity infrastructure.",https://ui-avatars.com/api/?name=Brian+Campbell&background=0b0d17&color=60a5fa&size=128&bold=true,https://www.pingidentity.com/,,"RFC-9901-SD-JWT-VC;RFC 9449"
Daniel Fett,Germany,"Security Researcher; OAuth Expert",Authlete,Private,Standards,"Co-author of SD-JWT Verifiable Credentials (RFC-9901) and DPoP (RFC 9449); active IETF OAuth working group contributor; his digital identity standards form the basis for quantum-safe verifiable credential and access token systems in the EU and globally.",https://ui-avatars.com/api/?name=Daniel+Fett&background=0b0d17&color=60a5fa&size=128&bold=true,https://authlete.com/,,"RFC-9901-SD-JWT-VC;RFC 9449"
John Bradley,Canada,"Senior Technical Architect; Identity Standards Expert",Yubico,Private,Standards,"Co-author of DPoP (RFC 9449) and JSON Web Token (RFC 7519); active in OpenID Foundation and IETF OAuth working group; his identity token standards are critical quantum migration targets for enterprise single sign-on and API security.",https://ui-avatars.com/api/?name=John+Bradley&background=0b0d17&color=60a5fa&size=128&bold=true,https://www.yubico.com/,,"RFC 9449;RFC 7519"
Kristina Yasuda,Japan/USA,Senior Identity Standards Engineer,Microsoft,Private,Standards,"Co-author of SD-JWT Verifiable Credentials (RFC-9901) and active contributor to W3C Verifiable Credentials Data Model; contributes to quantum-safe digital identity infrastructure at Microsoft and IETF decentralized identity standards.",https://ui-avatars.com/api/?name=Kristina+Yasuda&background=0b0d17&color=60a5fa&size=128&bold=true,https://www.microsoft.com/,,RFC-9901-SD-JWT-VC
Mark D. Baushke,USA,Network Security Engineer,Juniper Networks,Private,Standards,"Author of RFC 8731 (Use of Curve25519 and Curve448 in SSH), establishing the baseline elliptic curve cryptography in SSH that is central to the PQC-SSH migration path; active in IETF CURDLE working group for cryptographic algorithm updates.",https://ui-avatars.com/api/?name=Mark+D+Baushke&background=0b0d17&color=60a5fa&size=128&bold=true,https://www.juniper.net/,,IETF RFC 8731
Paul Bastian,Germany,"Security Engineer; Standards Contributor",Bundesdruckerei (BDR),Private,Standards,"Co-author of the IETF Token Status List draft, defining scalable mechanisms for verifiable credential revocation in digital identity systems; employee of Bundesdruckerei (German federal security printing), driving quantum-safe government digital identity infrastructure.",https://ui-avatars.com/api/?name=Paul+Bastian&background=0b0d17&color=60a5fa&size=128&bold=true,https://www.bundesdruckerei.de/,,IETF-Token-Status-List
Tobias Looker,New Zealand,Principal Cryptography Engineer,MATTR,Private,Standards,"Co-author of the IETF Token Status List draft; principal cryptography engineer at MATTR; expert in W3C Verifiable Credentials, DIF decentralized identity, and OpenID Connect for Verifiable Presentations; driving quantum-safe digital credential infrastructure.",https://ui-avatars.com/api/?name=Tobias+Looker&background=0b0d17&color=60a5fa&size=128&bold=true,https://mattr.global/,,IETF-Token-Status-List
Emilia Kasper,Netherlands/USA,"Software Engineer; Security Researcher",Google,Private,Standards,"Co-author of RFC 6962 (Certificate Transparency), the foundational PKI audit log mechanism being extended for PQC certificate monitoring; OpenSSL contributor; worked on early PQC experiments in Chrome alongside the Cloudflare team.",https://ui-avatars.com/api/?name=Emilia+Kasper&background=0b0d17&color=60a5fa&size=128&bold=true,https://www.google.com/,,RFC 6962
Chris M. Lonvick,USA,"Network Security Engineer; RFC Editor",Cisco Systems,Private,Standards,"Co-editor of SSH Architecture (RFC 4251) and SSH Transport Layer Protocol (RFC 4253), the foundational standards for SSH whose algorithms are primary targets in quantum-safe migration plans worldwide.",https://ui-avatars.com/api/?name=Chris+M+Lonvick&background=0b0d17&color=60a5fa&size=128&bold=true,https://www.cisco.com/,,"RFC 4251;IETF RFC 4253"
Tatu Ylonen,Finland,"Inventor of SSH; CEO",SSH Communications Security,Private,Algorithm Inventor,"Inventor of the Secure Shell (SSH) protocol (1995); co-editor of SSH RFC standards (RFC 4251–4253); founder of SSH Communications Security; his protocol is one of the primary migration targets in quantum-safe transition programs globally, protecting billions of server connections.",https://ui-avatars.com/api/?name=Tatu+Ylonen&background=0b0d17&color=f59e0b&size=128&bold=true,https://www.ssh.com/,,"IETF RFC 4253;RFC 4251"
Ben Laurie,UK,Security Researcher,Google,Private,Standards,"Co-inventor of Certificate Transparency (CT2 RFC 9162) at Google; contributor to quantum-safe PKI monitoring infrastructure; original OpenSSL developer; his CT log auditing mechanisms are being extended to support PQC certificate ecosystems.",https://ui-avatars.com/api/?name=Ben+Laurie&background=0b0d17&color=60a5fa&size=128&bold=true,https://www.google.com/,,RFC 6962
Hannes Tschofenig,Germany,"Professor; IETF Security Expert",Hochschule Bonn-Rhein-Sieg (H-BRS),Academic,Standards,"Professor at H-BRS and prolific IETF contributor; co-author of JOSE PQC KEM draft, DTLS 1.3 (RFC 9147), SUIT firmware update protocol (RFC 9019), and IoT device authentication standards; instrumental in bringing post-quantum cryptography to constrained IoT and embedded environments.",https://ui-avatars.com/api/?name=Hannes+Tschofenig&background=0b0d17&color=60a5fa&size=128&bold=true,https://www.h-brs.de/,,"draft-ietf-jose-pqc-kem;RFC 9147;RFC 9019;RFC 7250"
Paul Hoffman,USA,"Distinguished Engineer; IETF Veteran",ICANN,Private,Standards,"Distinguished Engineer at ICANN and long-time IETF contributor; co-author of IKEv2 (RFC 7296) and numerous internet security RFCs; significant contributor to DNS security (DNSSEC) and quantum-safe protocol integration in core internet infrastructure.",https://ui-avatars.com/api/?name=Paul+Hoffman&background=0b0d17&color=60a5fa&size=128&bold=true,https://www.icann.org/,,IETF RFC 7296
Carsten Bormann,Germany,"Professor; IETF Expert",Universität Bremen TZI,Academic,Standards,"Professor at Universität Bremen and leading IETF contributor; co-author of CBOR (Concise Binary Object Representation), CoAP (Constrained Application Protocol), and RFC 7228 defining IoT constraints taxonomy; his compact encoding standards enable PQC in constrained devices.",https://ui-avatars.com/api/?name=Carsten+Bormann&background=0b0d17&color=60a5fa&size=128&bold=true,https://www.uni-bremen.de/,,RFC 7228
Charlie Kaufman,USA,"Security Researcher; Standards Author",Microsoft,Private,Standards,"Primary author of IKEv2 (RFC 7296), the key negotiation protocol used in IPsec VPNs and a critical migration target for PQC-safe infrastructure; 30+ year contributor to internet security protocols and IETF security area working groups.",https://ui-avatars.com/api/?name=Charlie+Kaufman&background=0b0d17&color=60a5fa&size=128&bold=true,https://www.microsoft.com/,,IETF RFC 7296
Paul Wouters,Netherlands/USA,"Senior Software Engineer; IETF Expert",Red Hat,Private,Standards,"Senior Engineer at Red Hat and active IETF contributor; co-author of RFC 7250 (Using Raw Public Keys in TLS) and contributor to IKEv2/IPsec PQC integration; leads Fedora/RHEL cryptography policy enabling PQC algorithm support across Linux distributions.",https://ui-avatars.com/api/?name=Paul+Wouters&background=0b0d17&color=60a5fa&size=128&bold=true,https://www.redhat.com/,,RFC 7250
Rob Stradling,UK,Senior Research Engineer,Sectigo,Private,Standards,"Senior Research Engineer at Sectigo and co-author of Certificate Transparency v2 (RFC 9162); contributor to crt.sh certificate transparency log search and the broader CT ecosystem that forms the verification backbone for PQC certificate deployment monitoring.",https://ui-avatars.com/api/?name=Rob+Stradling&background=0b0d17&color=60a5fa&size=128&bold=true,https://sectigo.com/,,RFC-9162
John Gilmore,USA,"Co-Founder; Cryptography Advocate",Electronic Frontier Foundation (EFF),Private,Standards,"Co-founder of the Electronic Frontier Foundation (EFF) and cypherpunk; co-author of RFC 7250 (Using Raw Public Keys in TLS); early advocate for strong cryptography and export freedom; his work on minimal-state TLS authentication is relevant to constrained-environment PQC deployments.",https://ui-avatars.com/api/?name=John+Gilmore&background=0b0d17&color=60a5fa&size=128&bold=true,https://www.eff.org/,,RFC 7250
Katie Arrington,USA,Chief Information Officer (CIO),U.S. Department of Defense,Public,Government,"Chief Information Officer of the U.S. Department of Defense; issued the DoD PQC Migration Memo (2025) directing DoD components to begin preparing for migration to post-quantum cryptography; driving federal PQC adoption across the defense industrial base and supply chain.",https://ui-avatars.com/api/?name=Katie+Arrington&background=0b0d17&color=22d3ee&size=128&bold=true,https://dodcio.defense.gov/,,DoD-CIO-PQC-Memo-2025
Nat Sakimura,Japan,"Research Fellow; OpenID Foundation Chairman Emeritus",Nomura Research Institute (NRI),Private,Standards,"Co-author of JSON Web Signature (RFC 7515) and JSON Web Token (RFC 7519); lead designer of OpenID Connect; Chairman Emeritus of the OpenID Foundation; his identity token standards are fundamental migration targets for enterprise authentication requiring PQC-safe signatures.",https://ui-avatars.com/api/?name=Nat+Sakimura&background=0b0d17&color=60a5fa&size=128&bold=true,https://www.nri.com/,,"RFC 7515;RFC 7519"
Brendan Moran,Ireland,"Principal Architect; SUIT WG Co-Chair",Arm,Private,Standards,"Principal Architect at Arm and IETF SUIT Working Group co-chair; co-author of RFC 9019 (A Firmware Update Architecture for Internet of Things), defining secure firmware update mechanisms for IoT devices requiring PQC-safe signing as legacy hash-based algorithms are retired.",https://ui-avatars.com/api/?name=Brendan+Moran&background=0b0d17&color=60a5fa&size=128&bold=true,https://www.arm.com/,,RFC 9019
Stephen Davidson,Canada,"Standards Technology Strategist; S/MIME WG Chair",DigiCert,Private,Standards,"Chair of the CA/Browser Forum S/MIME Certificate Working Group; proposed CA/Browser Forum Ballot SMC013 enabling ML-DSA and ML-KEM in S/MIME certificates; DigiCert representative driving post-quantum migration standards for email security and publicly-trusted PKI.",https://ui-avatars.com/api/?name=Stephen+Davidson&background=0b0d17&color=60a5fa&size=128&bold=true,https://www.digicert.com/,,CA-B-Forum-Ballot-SMC013
Martijn Katerbarg,Netherlands,"Principal Technologist; CA/Browser Forum Contributor",Sectigo,Private,Standards,"Endorsed CA/Browser Forum Ballot SMC013 enabling ML-DSA and ML-KEM in S/MIME certificates; Sectigo representative to the CA/Browser Forum S/MIME Certificate Working Group; contributes to post-quantum certificate policy development for publicly-trusted certificate authorities.",https://ui-avatars.com/api/?name=Martijn+Katerbarg&background=0b0d17&color=60a5fa&size=128&bold=true,https://sectigo.com/,,CA-B-Forum-Ballot-SMC013
Clint Wilson,USA,"Security Engineer; CA/Browser Forum Contributor",Apple,Private,Standards,"Apple's representative to the CA/Browser Forum root program; endorsed Ballot SMC013/SMC014 enabling PQC algorithms in S/MIME certificates; shapes root store policy decisions governing post-quantum certificate trust and algorithm transitions for billions of Apple devices worldwide.",https://ui-avatars.com/api/?name=Clint+Wilson&background=0b0d17&color=60a5fa&size=128&bold=true,https://www.apple.com/,,CA-B-Forum-Ballot-SMC013
Ashish Dhiman,India,"Principal Engineer; CA/Browser Forum Contributor",GlobalSign,Private,Standards,"Endorsed CA/Browser Forum Ballot SMC013/SMC014 enabling post-quantum algorithms in S/MIME certificates; GlobalSign representative to the CA/Browser Forum driving adoption of ML-DSA and ML-KEM in publicly-trusted certificate authorities for quantum-safe email and document signing.",https://ui-avatars.com/api/?name=Ashish+Dhiman&background=0b0d17&color=60a5fa&size=128&bold=true,https://www.globalsign.com/,,CA-B-Forum-Ballot-SMC013
Andreas Henschel,Germany,"PKI Expert; CA/Browser Forum Contributor",D-Trust,Private,Standards,"Endorsed CA/Browser Forum Ballot SMC013 enabling ML-DSA and ML-KEM in S/MIME certificates; D-Trust (BSI subsidiary) representative to the CA/Browser Forum; drives post-quantum certificate standards for German and European digital identity infrastructure.",https://ui-avatars.com/api/?name=Andreas+Henschel&background=0b0d17&color=60a5fa&size=128&bold=true,https://www.d-trust.net/,,CA-B-Forum-Ballot-SMC013
Tony Cox,Australia,"PKCS#11 Specification Editor; Security Standards Expert",Cryptsoft,Private,Standards,"Lead editor of PKCS#11 v3.0 and v3.2 Cryptographic Token Interface Standards at OASIS; founder of Cryptsoft; his specifications define the HSM programming interface used by all hardware security modules implementing post-quantum algorithms including ML-KEM, ML-DSA, and SLH-DSA.",https://ui-avatars.com/api/?name=Tony+Cox&background=0b0d17&color=60a5fa&size=128&bold=true,https://www.cryptsoft.com/,,"PKCS11-V3-OASIS;PKCS11-V32-OASIS"
Robert Relyea,USA,"Senior Software Engineer; PKCS#11 TC Chair",Red Hat,Private,Standards,"OASIS PKCS#11 Technical Committee Chair for v3.1 and v3.2; Red Hat cryptography engineer and NSS (Network Security Services) developer; leads standardization of PKCS#11 post-quantum cryptography mechanisms enabling ML-KEM, ML-DSA, and SLH-DSA in open-source HSM implementations.",https://ui-avatars.com/api/?name=Robert+Relyea&background=0b0d17&color=60a5fa&size=128&bold=true,https://www.redhat.com/,,"PKCS11-V32-OASIS;PKCS11-V31-OASIS"
Dieter Bong,Germany,"Engineering Lead; PKCS#11 Editor",Utimaco,Private,Standards,"Editor of PKCS#11 v3.2 at OASIS and contributor to v3.0; Utimaco HSM engineer responsible for defining C_EncapsulateKey and C_DecapsulateKey extensions and ML-KEM, ML-DSA, and SLH-DSA mechanism specifications enabling post-quantum operations in hardware security modules.",https://ui-avatars.com/api/?name=Dieter+Bong&background=0b0d17&color=60a5fa&size=128&bold=true,https://utimaco.com/,,"PKCS11-V32-OASIS;PKCS11-V31-OASIS"
Valerie Fenwick,USA,"Principal Engineer; PKCS#11 TC Chair",Oracle,Private,Standards,"OASIS PKCS#11 Technical Committee Chair for v3.2; Oracle cryptography engineer co-chairing standardization of post-quantum interfaces for hardware security modules; instrumental in incorporating ML-KEM, ML-DSA, and SLH-DSA mechanisms and new KEM function signatures into the PKCS#11 v3.2 standard.",https://ui-avatars.com/api/?name=Valerie+Fenwick&background=0b0d17&color=60a5fa&size=128&bold=true,https://www.oracle.com/,,"PKCS11-V32-OASIS;PKCS11-V3-OASIS"
Luke Valenta,USA,"Research Engineer; Cryptography Researcher",Cloudflare,Private,Industry Adopter,"Co-author of Cloudflare's Merkle Tree Certificates proposal redesigning WebPKI for post-quantum authentication; contributor to the annual State of the Post-Quantum Internet research; leads Cloudflare's work on reducing TLS handshake sizes while enabling PQC certificate deployment at scale.",https://ui-avatars.com/api/?name=Luke+Valenta&background=0b0d17&color=10b981&size=128&bold=true,https://research.cloudflare.com/,,"Cloudflare-MTC-Blog;Cloudflare-PQ-Internet-2025"
Christopher Patton,USA,"Research Engineer; Cryptography Researcher",Cloudflare,Private,Industry Adopter,"Co-author of Cloudflare's Merkle Tree Certificates proposal redesigning WebPKI for quantum-safe authentication; contributor to IETF PQUIP working group and IKEv2 post-quantum standardization; Cloudflare researcher advancing quantum-safe protocol deployment across the Internet.",https://ui-avatars.com/api/?name=Christopher+Patton&background=0b0d17&color=10b981&size=128&bold=true,https://research.cloudflare.com/,,Cloudflare-MTC-Blog
Vânia Gonçalves,Portugal,"Research Engineer; Cryptography Researcher",Cloudflare,Private,Industry Adopter,"Co-author of Cloudflare's Merkle Tree Certificates proposal redesigning WebPKI for post-quantum cryptographic authentication; Cloudflare researcher contributing to the technical foundation for quantum-safe certificate deployment that dramatically reduces TLS handshake overhead from PQC signature sizes.",https://ui-avatars.com/api/?name=Vania+Goncalves&background=0b0d17&color=10b981&size=128&bold=true,https://research.cloudflare.com/,,Cloudflare-MTC-Blog
Craig Gidney,USA,"Senior Research Scientist; Quantum Software Engineer",Google Quantum AI,Private,Algorithm Inventor,"Google Quantum AI researcher whose work on quantum circuit optimization and Shor's algorithm resource estimation provides key benchmarks for the quantum computing power required to break RSA and elliptic curve cryptography; his published qubit count analyses directly inform PQC migration urgency timelines used by NIST, NSA, and global policymakers.",https://ui-avatars.com/api/?name=Craig+Gidney&background=0b0d17&color=f59e0b&size=128&bold=true,https://quantumai.google/,,Cloudflare-PQ-Internet-2025
Yilei Chen,China,"Professor; Cryptographer",Tsinghua University,Academic,Algorithm Inventor,"Researcher who published a 2024 paper proposing a quantum algorithm that appeared to threaten the security of lattice-based cryptographic schemes underlying ML-KEM and ML-DSA; the work (later found to have a flaw) prompted NIST to intensify security analysis of finalized PQC standards and underscored the importance of ongoing cryptographic research for quantum-safe migration.",https://ui-avatars.com/api/?name=Yilei+Chen&background=0b0d17&color=f59e0b&size=128&bold=true,https://www.tsinghua.edu.cn/,,Cloudflare-PQ-Internet-2025
Samuel Jaques,Canada,"Research Fellow; Quantum Cryptanalyst",University of Waterloo,Academic,Algorithm Inventor,"University of Waterloo researcher specializing in quantum algorithm resource estimation for cryptanalysis; his work on precise qubit and gate count benchmarks for quantum attacks on classical cryptosystems informs security parameter selection for NIST PQC standard algorithms and global migration timeline planning.",https://ui-avatars.com/api/?name=Samuel+Jaques&background=0b0d17&color=f59e0b&size=128&bold=true,https://uwaterloo.ca/,,Cloudflare-PQ-Internet-2025
Valery Smyslov,Russia,"Network Security Expert; IKEv2 Author",ELVIS-PLUS,Private,Standards,"Author of RFC 9593 (Announcing Supported Authentication Methods in IKEv2) enabling PQC signature algorithm negotiation in IPsec VPNs; prolific IETF IPsecME working group contributor driving standardization of ML-KEM and ML-DSA integration in IKEv2 — the key protocol for enterprise VPN post-quantum migration.",https://ui-avatars.com/api/?name=Valery+Smyslov&background=0b0d17&color=60a5fa&size=128&bold=true,,,RFC 9593
Meltem Sönmez Turan,USA,"Research Scientist; Cryptographer",NIST,Public,Government,"NIST cryptographer and co-author of NIST SP 800-56C Revision 2 (Key-Derivation Methods in Key-Establishment Schemes) and NIST SP 800-108 Revision 1 (Key Derivation using PRFs); her work on key derivation standards underpins post-quantum key management implementations and hybrid classical/PQC key establishment in federal systems.",https://ui-avatars.com/api/?name=Meltem+Sonmez+Turan&background=0b0d17&color=22d3ee&size=128&bold=true,https://csrc.nist.gov/,,"NIST-SP-800-56C-R2;NIST-SP-800-108-R1"
John Kelsey,USA,"Research Scientist; Cryptographer",NIST,Public,Government,"NIST cryptographer and co-author of the NIST PQC Standardization status reports (NIST IR 8413, 8545) documenting the selection of ML-KEM, ML-DSA, SLH-DSA, and HQC; contributor to key derivation standards (NIST SP 800-56C R2); a foundational contributor to the decade-long NIST PQC standardization process.",https://ui-avatars.com/api/?name=John+Kelsey&background=0b0d17&color=22d3ee&size=128&bold=true,https://csrc.nist.gov/,,"NIST IR 8413;NIST-SP-800-56C-R2"
Quynh Dang,USA,"Research Scientist; Cryptographer",NIST,Public,Government,"NIST cryptographer and co-author of NIST IR 8413 (Third Round PQC Status Report) and NIST SP 800-56C Revision 2; contributes to NIST key management and post-quantum standardization research; her technical work on key derivation methods supports quantum-safe cryptographic implementations across federal infrastructure.",https://ui-avatars.com/api/?name=Quynh+Dang&background=0b0d17&color=22d3ee&size=128&bold=true,https://csrc.nist.gov/,,"NIST IR 8413;NIST-SP-800-56C-R2"
Romain Alléaume,France,"Professor; QKD Standards Expert",Télécom Paris (IMT),Academic,Standards,"Professor at Télécom Paris and contributor to ETSI GS QKD 012 (Device and Communication Channel Parameters); active in ETSI QKD Industry Specification Group driving interoperability standards for quantum key distribution networks; his research bridges theoretical QKD security proofs and practical network deployment.",https://ui-avatars.com/api/?name=Romain+Alleaume&background=0b0d17&color=60a5fa&size=128&bold=true,https://www.telecom-paris.fr/,,ETSI-GS-QKD-012
Marco Lucamarini,UK,"Principal Research Scientist; QKD Expert",Toshiba Research Europe,Private,Algorithm Inventor,"Toshiba Research Europe QKD researcher and contributor to ETSI GS QKD 012; co-inventor of Twin-Field QKD, a breakthrough protocol that dramatically extends the distance over which quantum key distribution can operate beyond the repeaterless bound, enabling practical long-distance quantum-safe key exchange.",https://ui-avatars.com/api/?name=Marco+Lucamarini&background=0b0d17&color=f59e0b&size=128&bold=true,https://www.toshiba.eu/pages/eu/Cambridge-Research-Laboratory/,,ETSI-GS-QKD-012
Bruno Huttner,Switzerland,Chief Quantum Officer,ID Quantique,Private,Industry Vendor,"Chief Quantum Officer at ID Quantique, the world's leading commercial QKD provider; contributor to ETSI GS QKD 014 REST-based Key Delivery API standard; drives commercial quantum key distribution deployment and integration of QKD with post-quantum cryptography in hybrid security architectures for financial, government, and critical infrastructure clients.",https://ui-avatars.com/api/?name=Bruno+Huttner&background=0b0d17&color=a78bfa&size=128&bold=true,https://www.idquantique.com/,,ETSI-GS-QKD-014
Peter Bordow,USA,"Distinguished Engineer; FS-ISAC PQC Workgroup Chair",Wells Fargo,Private,Industry Adopter,"Distinguished Engineer and Managing Director of Quantum Security at Wells Fargo; Chair of the FS-ISAC Post-Quantum Cryptography Workgroup leading the financial sector's collective response to quantum threats; drives PQC migration standards, best practices, and risk frameworks for the global financial services industry.",https://ui-avatars.com/api/?name=Peter+Bordow&background=0b0d17&color=10b981&size=128&bold=true,https://www.wellsfargo.com/,,Europol-FS-ISAC-PQC-Financial-2026
Steve Stevens,USA,Executive Director,Accredited Standards Committee X9,Private,Standards,"Executive Director of ASC X9, the ANSI-accredited standards body for the US financial services industry. Leads X9 initiatives on post-quantum cryptography including the X9 Financial PKI (launched June 2025 with DigiCert), the X9 PQC Financial Readiness Needs Assessment, and the quantum computing risk study program. Drives cross-sector adoption of PQC standards for payment systems, PKI, and financial cryptographic infrastructure.",https://ui-avatars.com/api/?name=Steve+Stevens&background=0b0d17&color=60a5fa&size=128&bold=true,https://x9.org/,https://www.linkedin.com/in/steve-stevens-5b06892/,"ASC-X9-Financial-PKI;ASC-X9-PQC-Readiness-2025;ASC-X9-IR-F01-2022"
Roy C. DeCicco,USA,"Former Chair, ASC X9; Managing Director",JPMorgan Chase,Private,Standards,"Former Chair of ASC X9 (until 2021); led the committee during the development of foundational financial cryptography standards including the X9 TR 50-2019 on Quantum Techniques in CMS and the initial quantum computing risk assessment for the financial industry. Managing Director at JPMorgan Chase responsible for cryptographic standards and financial PKI governance.",https://ui-avatars.com/api/?name=Roy+C+DeCicco&background=0b0d17&color=60a5fa&size=128&bold=true,https://x9.org/,,"ASC-X9-TR-50-2019;ASC-X9-IR-F01-2022"
Angela Hendershott,USA,Vice Chair,Accredited Standards Committee X9,Private,Standards,"Vice Chair of ASC X9; supports governance and standards development for the financial services industry including post-quantum cryptography transition initiatives. Contributes to X9 standards for financial PKI, cryptographic key management, and the quantum computing risk framework for financial institutions.",https://ui-avatars.com/api/?name=Angela+Hendershott&background=0b0d17&color=60a5fa&size=128&bold=true,https://x9.org/,,ASC-X9-TR-50-2019
Shuichi Katsumata,UK,Lead Cryptography Researcher,PQShield,Private,Algorithm Inventor,"Lead cryptography researcher at PQShield advancing lattice-based cryptography theory; contributor to ML-KEM security analysis and hybrid key exchange IETF standardization; his theoretical work on tightly-secure lattice signatures and modular lattice schemes strengthens the cryptographic foundations of NIST PQC standards.",https://ui-avatars.com/api/?name=Shuichi+Katsumata&background=0b0d17&color=f59e0b&size=128&bold=true,https://pqshield.com/,,FIPS 203
