software_name,purl,purl_type,purl_namespace,purl_name,match_confidence,status,registry_url,last_verified_date
.NET System.Security.Cryptography,pkg:github/dotnet/runtime,github,dotnet,runtime,exact,matched,https://github.com/dotnet/runtime,2026-03-31
01 Quantum IronCAP,,,,,,not_found,,2026-03-31
1Password,,,,,,not_found,,2026-03-31
A10 Networks Thunder ADC,,,,,,not_found,,2026-03-31
Adobe Acrobat Sign,,,,,,not_found,,2026-03-31
Adva FSP 3000 S-Flex,,,,,,not_found,,2026-03-31
Adva Network Security FSP 3000 S-Flex,,,,,,not_found,,2026-03-31
Akamai Connected Cloud,,,,,,not_found,,2026-03-31
Akamai Edge,,,,,,not_found,,2026-03-31
Algorand,pkg:github/algorand/go-algorand,github,algorand,go-algorand,exact,matched,https://github.com/algorand/go-algorand,2026-03-31
Alpine Linux,,,,,,not_found,,2026-03-31
Amazon CloudFront,,,,,,not_found,,2026-03-31
Amazon Cognito,,,,,,not_found,,2026-03-31
Amazon EKS,,,,,,not_found,,2026-03-31
Amazon Web Services (AWS),,,,,,not_found,,2026-03-31
AMD SEV-SNP (Secure Encrypted Virtualization),pkg:github/AMDESE/AMDSEV,github,AMDESE,AMDSEV,exact,matched,https://github.com/AMDESE/AMDSEV,2026-03-31
AMD Versal Adaptive SoC,,,,,,not_found,,2026-03-31
Anchorage Digital,,,,,,not_found,,2026-03-31
Android 16,,,,,,not_found,,2026-03-31
ANKATech ANKASecure,,,,,,not_found,,2026-03-31
Apache Guacamole,pkg:github/apache/guacamole-server,github,apache,guacamole-server,exact,matched,https://github.com/apache/guacamole-server,2026-03-31
Apache HTTP Server,pkg:github/apache/httpd,github,apache,httpd,exact,matched,https://github.com/apache/httpd,2026-03-31
Apache Tomcat,pkg:github/apache/tomcat,github,apache,tomcat,exact,matched,https://github.com/apache/tomcat,2026-03-31
Apache Traffic Server,pkg:github/apache/trafficserver,github,apache,trafficserver,exact,matched,https://github.com/apache/trafficserver,2026-03-31
Apple codesign,,,,,,not_found,,2026-03-31
Apple PQ3 / CoreCrypto,,,,,,not_found,,2026-03-31
Apple Safari,,,,,,not_found,,2026-03-31
AppViewX CERT+,,,,,,not_found,,2026-03-31
AppViewX Spring 2026,,,,,,not_found,,2026-03-31
Aptos,pkg:github/aptos-labs/aptos-core,github,aptos-labs,aptos-core,exact,matched,https://github.com/aptos-labs/aptos-core,2026-03-31
Arch Linux,,,,,,not_found,,2026-03-31
Arista EOS (Extensible Operating System),,,,,,not_found,,2026-03-31
ARM Confidential Compute Architecture (CCA),pkg:github/ARM-software/cca-rmm-acs,github,ARM-software,cca-rmm-acs,exact,matched,https://github.com/ARM-software/cca-rmm-acs,2026-03-31
ARM Trusted Firmware (TF-A),pkg:github/ARM-software/arm-trusted-firmware,github,ARM-software,arm-trusted-firmware,exact,matched,https://github.com/ARM-software/arm-trusted-firmware,2026-03-31
ARM TrustZone,,,,,,not_found,,2026-03-31
Arqit Encryption Intelligence,,,,,,not_found,,2026-03-31
Ascertia ADSS PKI Server,,,,,,not_found,,2026-03-31
Ascertia ADSS Server/SAM,,,,,,not_found,,2026-03-31
Ascertia ADSS Signing Server,,,,,,not_found,,2026-03-31
AsyncSSH,pkg:github/ronf/asyncssh,github,ronf,asyncssh,exact,matched,https://github.com/ronf/asyncssh,2026-03-31
Auth0 (Okta Customer Identity),,,,,,not_found,,2026-03-31
Avalanche,pkg:github/ava-labs/avalanchego,github,ava-labs,avalanchego,exact,matched,https://github.com/ava-labs/avalanchego,2026-03-31
AWS Application Load Balancer (ALB),,,,,,not_found,,2026-03-31
AWS CloudHSM,,,,,,not_found,,2026-03-31
AWS Identity and Access Management (IAM),,,,,,not_found,,2026-03-31
AWS KMS,,,,,,not_found,,2026-03-31
AWS KMS (Cloud Gateway),,,,,,not_found,,2026-03-31
AWS s2n-tls,pkg:github/aws/s2n-tls,github,aws,s2n-tls,exact,matched,https://github.com/aws/s2n-tls,2026-03-31
AWS-LC,pkg:github/aws/aws-lc,github,aws,aws-lc,manual,matched,https://github.com/aws/aws-lc,2026-03-31
Azure AKS,,,,,,not_found,,2026-03-31
Azure Dedicated HSM (Marvell LiquidSecurity),,,,,,not_found,,2026-03-31
Azure DevOps,,,,,,not_found,,2026-03-31
Azure Key Vault,,,,,,not_found,,2026-03-31
Barracuda Email Protection,,,,,,not_found,,2026-03-31
BERTEN MLDS-B235,,,,,,not_found,,2026-03-31
BERTEN MLKE-B135,,,,,,not_found,,2026-03-31
Bitcoin Core,pkg:github/bitcoin/bitcoin,github,bitcoin,bitcoin,exact,matched,https://github.com/bitcoin/bitcoin,2026-03-31
BitGo,,,,,,not_found,,2026-03-31
BitLocker (Windows),,,,,,not_found,,2026-03-31
Bitwarden,,,,,,not_found,,2026-03-31
BoringSSL,pkg:github/google/boringssl,github,google,boringssl,manual,matched,https://github.com/google/boringssl,2026-03-31
Botan,pkg:github/randombit/botan,github,randombit,botan,exact,matched,https://github.com/randombit/botan,2026-03-31
Bouncy Castle C# .NET,pkg:nuget/BouncyCastle.Cryptography,nuget,,BouncyCastle.Cryptography,manual,matched,https://www.nuget.org/packages/BouncyCastle.Cryptography,2026-03-31
Bouncy Castle C\# / Java,,,,,,not_found,,2026-03-31
Bouncy Castle Java,pkg:maven/org.bouncycastle/bcprov-jdk18on,maven,org.bouncycastle,bcprov-jdk18on,manual,matched,https://mvnrepository.com/artifact/org.bouncycastle/bcprov-jdk18on,2026-03-31
Bouncy Castle Java LTS,pkg:maven/org.bouncycastle/bcprov-lts8on,maven,org.bouncycastle,bcprov-lts8on,manual,matched,https://mvnrepository.com/artifact/org.bouncycastle/bcprov-lts8on,2026-03-31
Brave Browser,,,,,,not_found,,2026-03-31
Broadcom Avi (NSX ALB),,,,,,not_found,,2026-03-31
Broadcom Symantec DLP,,,,,,not_found,,2026-03-31
Broadcom Symantec SES,,,,,,not_found,,2026-03-31
BTQ Bitcoin Quantum,,,,,,not_found,,2026-03-31
Cardano,pkg:github/IntersectMBO/cardano-node,github,IntersectMBO,cardano-node,exact,matched,https://github.com/IntersectMBO/cardano-node,2026-03-31
CAST KiviPQC-KEM,,,,,,not_found,,2026-03-31
CentOS Stream,,,,,,not_found,,2026-03-31
Check Point Quantum,,,,,,not_found,,2026-03-31
Checkmarx One,,,,,,not_found,,2026-03-31
ChromeOS,,,,,,not_found,,2026-03-31
Ciena WaveLogic 6 Extreme,,,,,,not_found,,2026-03-31
CircleCI,,,,,,not_found,,2026-03-31
Cisco ASA (Adaptive Security Appliance),,,,,,not_found,,2026-03-31
Cisco Catalyst Center,,,,,,not_found,,2026-03-31
Cisco Identity Services Engine (ISE),,,,,,not_found,,2026-03-31
Cisco IOS XE PQC,,,,,,not_found,,2026-03-31
Cisco IOS XR,,,,,,not_found,,2026-03-31
Cisco Meraki MX (Cloud-Managed Firewall),,,,,,not_found,,2026-03-31
Cisco Secure Client (AnyConnect),,,,,,not_found,,2026-03-31
Cisco Webex,,,,,,not_found,,2026-03-31
citadel_pqcrypto,pkg:github/citadel-protocol/citadel_pqcrypto,github,citadel-protocol,citadel_pqcrypto,exact,matched,https://github.com/citadel-protocol/citadel_pqcrypto,2026-03-31
Citrix ADC (NetScaler),,,,,,not_found,,2026-03-31
Citrix CVAD,,,,,,not_found,,2026-03-31
Citrix Virtual Apps and Desktops,,,,,,not_found,,2026-03-31
Claroty Platform,,,,,,not_found,,2026-03-31
Cloudflare CIRCL,,,,,,not_found,,2026-03-31
Cloudflare Edge Network,,,,,,not_found,,2026-03-31
Cloudflare Zero Trust,,,,,,not_found,,2026-03-31
CockroachDB Encryption,pkg:github/cockroachdb/cockroach,github,cockroachdb,cockroach,exact,matched,https://github.com/cockroachdb/cockroach,2026-03-31
Codegic Khatim PKI Server,,,,,,not_found,,2026-03-31
Codegic Khatim Sign Server,,,,,,not_found,,2026-03-31
Cohesity DataCloud,,,,,,not_found,,2026-03-31
Coinbase Custody,,,,,,not_found,,2026-03-31
Commvault Cloud,,,,,,not_found,,2026-03-31
Copper.co,,,,,,not_found,,2026-03-31
coreboot,pkg:github/coreboot/coreboot,github,coreboot,coreboot,exact,matched,https://github.com/coreboot/coreboot,2026-03-31
Cosmian covercrypt,pkg:github/Cosmian/cover_crypt,github,Cosmian,cover_crypt,exact,matched,https://github.com/Cosmian/cover_crypt,2026-03-31
Cosmos/Tendermint,pkg:github/cosmos/cosmos-sdk,github,cosmos,cosmos-sdk,exact,matched,https://github.com/cosmos/cosmos-sdk,2026-03-31
Cranium AI Security Platform,,,,,,not_found,,2026-03-31
CREDEBL,,,,,,not_found,,2026-03-31
CrowdStrike Falcon,,,,,,not_found,,2026-03-31
Crucible,pkg:github/symbolicsoft/crucible,github,symbolicsoft,crucible,exact,matched,https://github.com/symbolicsoft/crucible,2026-03-31
Crypto Quantique QDID Platform,,,,,,not_found,,2026-03-31
Crypto++ (cryptopp),pkg:github/weidai11/cryptopp,github,weidai11,cryptopp,exact,matched,https://github.com/weidai11/cryptopp,2026-03-31
Crypto4A QxEDGE,,,,,,not_found,,2026-03-31
Crypto4A QxHSM,,,,,,not_found,,2026-03-31
Cryptomathic CKMS,,,,,,not_found,,2026-03-31
Cryptomathic CrystalKey 360,,,,,,not_found,,2026-03-31
CryptoNext COMPASS Network Probe,,,,,,not_found,,2026-03-31
CryptoNext COMPASS Probe,,,,,,not_found,,2026-03-31
CryptoNext Quantum-Safe Library,,,,,,not_found,,2026-03-31
Cryptosense Analyzer,,,,,,not_found,,2026-03-31
CRYSTALS Reference Implementations,,,,,,not_found,,2026-03-31
CyberArk Conjur,,,,,,not_found,,2026-03-31
Cyberint (Check Point),,,,,,not_found,,2026-03-31
CZERTAINLY,,,,,,not_found,,2026-03-31
Debian 12 (Bookworm),,,,,,not_found,,2026-03-31
Delinea Secret Server,,,,,,not_found,,2026-03-31
Dell BSAFE Crypto Module for C,,,,,,not_found,,2026-03-31
Dell BSAFE Crypto-J,,,,,,not_found,,2026-03-31
Dell PowerStore OS 4.0,,,,,,not_found,,2026-03-31
DFNS,,,,,,not_found,,2026-03-31
DigiCert CertCentral,,,,,,not_found,,2026-03-31
DigiCert Device Trust Manager,,,,,,not_found,,2026-03-31
DigiCert ONE,,,,,,not_found,,2026-03-31
DigiCert SigningHub,,,,,,not_found,,2026-03-31
DigiCert Software Trust Manager,,,,,,not_found,,2026-03-31
DigiCert Trust Lifecycle Manager,,,,,,not_found,,2026-03-31
DigiCert TrustCore SDK,,,,,,not_found,,2026-03-31
Docker Engine 28.0,,,,,,not_found,,2026-03-31
Dogtag Certificate System,,,,,,not_found,,2026-03-31
Dragos Platform,,,,,,not_found,,2026-03-31
Druva Data Resiliency Cloud,,,,,,not_found,,2026-03-31
DuckDuckGo Browser,,,,,,not_found,,2026-03-31
Eclipse Jetty,pkg:github/jetty/jetty.project,github,jetty,jetty.project,exact,matched,https://github.com/jetty/jetty.project,2026-03-31
EJBCA,pkg:github/Keyfactor/ejbca-ce,github,Keyfactor,ejbca-ce,exact,matched,https://github.com/Keyfactor/ejbca-ce,2026-03-31
Elastic Stack (ELK),,,,,,not_found,,2026-03-31
Element (Matrix Protocol),,,,,,not_found,,2026-03-31
Entrust Cryptographic Platform,,,,,,not_found,,2026-03-31
Entrust Identity as a Service (IDaaS),,,,,,not_found,,2026-03-31
Entrust KeyControl,,,,,,not_found,,2026-03-31
Entrust nShield,,,,,,not_found,,2026-03-31
Entrust PKI,,,,,,not_found,,2026-03-31
Envoy Proxy,pkg:github/envoyproxy/envoy,github,envoyproxy,envoy,exact,matched,https://github.com/envoyproxy/envoy,2026-03-31
Ericsson Quantum-Safe 5G,,,,,,not_found,,2026-03-31
essendi xc,,,,,,not_found,,2026-03-31
Ethereum (Geth),pkg:github/ethereum/go-ethereum,github,ethereum,go-ethereum,exact,matched,https://github.com/ethereum/go-ethereum,2026-03-31
EUDI Reference Wallet,pkg:github/eu-digital-identity-wallet/eudi-app-android-wallet-ui,github,eu-digital-identity-wallet,eudi-app-android-wallet-ui,exact,matched,https://github.com/eu-digital-identity-wallet/eudi-app-android-wallet-ui,2026-03-31
EVERTRUST HORIZON,,,,,,not_found,,2026-03-31
EVERTRUST STREAM,,,,,,not_found,,2026-03-31
Eviden IDnomic PKI,,,,,,not_found,,2026-03-31
Eviden Trustway Proteccio NetHSM,,,,,,not_found,,2026-03-31
evolutionQ BasejumpQDN,,,,,,not_found,,2026-03-31
evolutionQ BasejumpSKI,,,,,,not_found,,2026-03-31
ExeQuantum,,,,,,not_found,,2026-03-31
ExpressVPN Lightway,,,,,,not_found,,2026-03-31
F5 BIG-IP,,,,,,not_found,,2026-03-31
Fastly Edge Cloud,,,,,,not_found,,2026-03-31
Fedora Linux,,,,,,not_found,,2026-03-31
FileVault (macOS),,,,,,not_found,,2026-03-31
Fireblocks,pkg:github/fireblocks/mpc-lib,github,fireblocks,mpc-lib,exact,matched,https://github.com/fireblocks/mpc-lib,2026-03-31
FIS Modern Banking,,,,,,not_found,,2026-03-31
Forcepoint DLP,,,,,,not_found,,2026-03-31
Fortanix Data Security Manager,,,,,,not_found,,2026-03-31
Fortinet FortiAuthenticator,,,,,,not_found,,2026-03-31
Fortinet FortiGate (FortiOS),,,,,,not_found,,2026-03-31
Fortinet FortiGate-Rugged,,,,,,not_found,,2026-03-31
Fortinet FortiManager,,,,,,not_found,,2026-03-31
Fortinet FortiOS,,,,,,not_found,,2026-03-31
Fortinet FortiWeb,,,,,,not_found,,2026-03-31
Forward Edge-AI Isidore Quantum,,,,,,not_found,,2026-03-31
FreeBSD,pkg:github/freebsd/freebsd-src,github,freebsd,freebsd-src,exact,matched,https://github.com/freebsd/freebsd-src,2026-03-31
FreeRTOS,pkg:github/FreeRTOS/FreeRTOS,github,FreeRTOS,FreeRTOS,exact,matched,https://github.com/FreeRTOS/FreeRTOS,2026-03-31
FusionAuth,pkg:github/FusionAuth/fusionauth-issues,github,FusionAuth,fusionauth-issues,exact,matched,https://github.com/FusionAuth/fusionauth-issues,2026-03-31
Futurex Cloud,,,,,,not_found,,2026-03-31
Futurex CryptoHub,,,,,,not_found,,2026-03-31
Futurex Vectera Plus,,,,,,not_found,,2026-03-31
G+D Quantum-Safe SIM Platform,,,,,,not_found,,2026-03-31
Garantir GaraTrust,,,,,,not_found,,2026-03-31
General Dynamics Mission,,,,,,not_found,,2026-03-31
GitHub Actions,,,,,,not_found,,2026-03-31
GitHub Copilot Security,,,,,,not_found,,2026-03-31
GitLab CI/CD,,,,,,not_found,,2026-03-31
GlobalSign Atlas CLM,,,,,,not_found,,2026-03-31
GlobalSign Digital Signing Service,,,,,,not_found,,2026-03-31
Gmail / Google Workspace,,,,,,not_found,,2026-03-31
GnuPG,pkg:github/gpg/gnupg,github,gpg,gnupg,exact,matched,https://github.com/gpg/gnupg,2026-03-31
GnuTLS,pkg:github/gnutls/gnutls,github,gnutls,gnutls,manual,matched,https://gitlab.com/gnutls/gnutls,2026-03-31
Go stdlib crypto/mlkem,pkg:go/golang.org/x/crypto,go,golang.org/x,crypto,manual,matched,https://pkg.go.dev/golang.org/x/crypto,2026-03-31
go-jose v4,pkg:github/go-jose/go-jose,github,go-jose,go-jose,exact,matched,https://github.com/go-jose/go-jose,2026-03-31
Google ALTS,,,,,,not_found,,2026-03-31
Google Chrome,,,,,,not_found,,2026-03-31
Google Cloud CDN,,,,,,not_found,,2026-03-31
Google Cloud HSM,,,,,,not_found,,2026-03-31
Google Cloud KMS,,,,,,not_found,,2026-03-31
Google Cloud KMS (Cloud Gateway),,,,,,not_found,,2026-03-31
Google Cloud Platform (GCP),,,,,,not_found,,2026-03-31
Google GKE,,,,,,not_found,,2026-03-31
Google OpenTitan,pkg:github/lowRISC/opentitan,github,lowRISC,opentitan,exact,matched,https://github.com/lowRISC/opentitan,2026-03-31
Google Tink,pkg:github/tink-crypto/tink-java,github,tink-crypto,tink-java,exact,matched,https://github.com/tink-crypto/tink-java,2026-03-31
GPG Code Signing,pkg:github/gpg/gnupg,github,gpg,gnupg,exact,matched,https://github.com/gpg/gnupg,2026-03-31
HAProxy,pkg:github/haproxy/haproxy,github,haproxy,haproxy,exact,matched,https://github.com/haproxy/haproxy,2026-03-31
hash-sigs,pkg:github/cisco/hash-sigs,github,cisco,hash-sigs,exact,matched,https://github.com/cisco/hash-sigs,2026-03-31
HashiCorp Boundary,pkg:github/hashicorp/boundary,github,hashicorp,boundary,exact,matched,https://github.com/hashicorp/boundary,2026-03-31
HashiCorp Consul Connect (Service Mesh),pkg:github/hashicorp/consul,github,hashicorp,consul,exact,matched,https://github.com/hashicorp/consul,2026-03-31
HashiCorp Vault,pkg:github/hashicorp/vault,github,hashicorp,vault,exact,matched,https://github.com/hashicorp/vault,2026-03-31
HashiCorp Vault Transit,pkg:github/hashicorp/vault,github,hashicorp,vault,exact,matched,https://github.com/hashicorp/vault,2026-03-31
HiddenLayer Model Scanner,,,,,,not_found,,2026-03-31
HIPAA (Quantum Security Rule),,,,,,not_found,,2026-03-31
Hitachi DoMobile,,,,,,not_found,,2026-03-31
HPE Alletra MP,,,,,,not_found,,2026-03-31
HQC Algorithm,pkg:github/PQClean/PQClean,github,PQClean,PQClean,exact,matched,https://github.com/PQClean/PQClean,2026-03-31
Hyland OnBase,,,,,,not_found,,2026-03-31
Hyperledger Aries (ACA-Py),pkg:github/hyperledger/aries-cloudagent-python,github,hyperledger,aries-cloudagent-python,exact,matched,https://github.com/hyperledger/aries-cloudagent-python,2026-03-31
Hyperledger Besu,pkg:github/hyperledger/besu,github,hyperledger,besu,exact,matched,https://github.com/hyperledger/besu,2026-03-31
Hyperledger Fabric,pkg:github/hyperledger/fabric,github,hyperledger,fabric,exact,matched,https://github.com/hyperledger/fabric,2026-03-31
I4P Trident HSM,,,,,,not_found,,2026-03-31
IBM Aspera,,,,,,not_found,,2026-03-31
IBM Cloud HSM (Utimaco),,,,,,not_found,,2026-03-31
IBM Db2,,,,,,not_found,,2026-03-31
IBM Guardium Key Lifecycle Manager,,,,,,not_found,,2026-03-31
IBM Guardium Quantum Safe,,,,,,not_found,,2026-03-31
IBM Guardium Safe,,,,,,not_found,,2026-03-31
IBM MQ,,,,,,not_found,,2026-03-31
IBM Quantum Safe Toolkit,,,,,,not_found,,2026-03-31
IBM Security Guardium Data Protection,,,,,,not_found,,2026-03-31
IBM Storage Scale 5.2,,,,,,not_found,,2026-03-31
IBM z/OS Cryptographic Services (ICSF),,,,,,not_found,,2026-03-31
IBM z/VSE,,,,,,not_found,,2026-03-31
ID Quantique Cerberis XGR QKD,,,,,,not_found,,2026-03-31
ID Quantique Quantis QRNG,,,,,,not_found,,2026-03-31
IDEMIA Digital Identity Platform,,,,,,not_found,,2026-03-31
IDEMIA PQC Accelerator,,,,,,not_found,,2026-03-31
IDEMIA PQC Secure Element,,,,,,not_found,,2026-03-31
Imperva WAF,,,,,,not_found,,2026-03-31
Infineon OPTIGA TPM SLB 9672,,,,,,not_found,,2026-03-31
Infineon TEGRION SLC27 PQC,,,,,,not_found,,2026-03-31
Intel Platform Trust Technology (PTT),,,,,,not_found,,2026-03-31
Intel TDX (Trust Domain Extensions),pkg:github/intel/tdx,github,intel,tdx,exact,matched,https://github.com/intel/tdx,2026-03-31
iOS 26 / macOS 26,,,,,,not_found,,2026-03-31
IOTA,,,,,,not_found,,2026-03-31
IP Cores PQC1,,,,,,not_found,,2026-03-31
ISARA Advance,,,,,,not_found,,2026-03-31
ISARA Radiate,,,,,,not_found,,2026-03-31
ISC BIND 9.21,,,,,,not_found,,2026-03-31
Istio Service Mesh,pkg:github/istio/istio,github,istio,istio,exact,matched,https://github.com/istio/istio,2026-03-31
Ivanti Neurons for MDM,,,,,,not_found,,2026-03-31
Jamf Pro,,,,,,not_found,,2026-03-31
Java jarsigner (JDK),pkg:github/openjdk/jdk,github,openjdk,jdk,exact,matched,https://github.com/openjdk/jdk,2026-03-31
Jenkins,pkg:github/jenkinsci/jenkins,github,jenkinsci,jenkins,exact,matched,https://github.com/jenkinsci/jenkins,2026-03-31
JetBrains TeamCity 2026.1,,,,,,not_found,,2026-03-31
JFrog Artifactory,,,,,,not_found,,2026-03-31
jose4j,,,,,,not_found,,2026-03-31
jsonwebtoken (auth0),pkg:github/auth0/node-jsonwebtoken,github,auth0,node-jsonwebtoken,exact,matched,https://github.com/auth0/node-jsonwebtoken,2026-03-31
JumpCloud Directory Platform,,,,,,not_found,,2026-03-31
Juniper Junos OS,,,,,,not_found,,2026-03-31
Juniper SRX Series Firewalls,,,,,,not_found,,2026-03-31
Keycloak,pkg:github/keycloak/keycloak,github,keycloak,keycloak,exact,matched,https://github.com/keycloak/keycloak,2026-03-31
Keyfactor 2026 Trends,,,,,,not_found,,2026-03-31
Keyfactor AgileSec Analytics,,,,,,not_found,,2026-03-31
Keyfactor Command,,,,,,not_found,,2026-03-31
Keyfactor EJBCA,pkg:github/Keyfactor/ejbca-ce,github,Keyfactor,ejbca-ce,exact,matched,https://github.com/Keyfactor/ejbca-ce,2026-03-31
Keysight CyPerf,,,,,,not_found,,2026-03-31
Keysight Inspector,,,,,,not_found,,2026-03-31
Kong API Gateway,pkg:github/Kong/kong,github,Kong,kong,exact,matched,https://github.com/Kong/kong,2026-03-31
Kubernetes,pkg:github/kubernetes/kubernetes,github,kubernetes,kubernetes,exact,matched,https://github.com/kubernetes/kubernetes,2026-03-31
Kudelski IoT Security Platform,,,,,,not_found,,2026-03-31
Lakera Guard,,,,,,not_found,,2026-03-31
Lattice MachXO5-NX,,,,,,not_found,,2026-03-31
leancrypto,pkg:github/wolfeidau/leancrypto,github,wolfeidau,leancrypto,exact,matched,https://github.com/wolfeidau/leancrypto,2026-03-31
Ledger Enterprise,,,,,,not_found,,2026-03-31
Let's Encrypt,pkg:github/letsencrypt/boulder,github,letsencrypt,boulder,exact,matched,https://github.com/letsencrypt/boulder,2026-03-31
liboqs,pkg:github/open-quantum-safe/liboqs,github,open-quantum-safe,liboqs,exact,matched,https://github.com/open-quantum-safe/liboqs,2026-03-31
liboqs-rust (oqs crate),pkg:cargo/oqs,cargo,,oqs,exact,matched,https://crates.io/crates/oqs,2026-03-31
LibreSSL,pkg:github/libressl/portable,github,libressl,portable,manual,matched,https://github.com/libressl/portable,2026-03-31
Libreswan,pkg:github/libreswan/libreswan,github,libreswan,libreswan,exact,matched,https://github.com/libreswan/libreswan,2026-03-31
libssh,,,,,,not_found,,2026-03-31
Linkerd,pkg:github/linkerd/linkerd2,github,linkerd,linkerd2,exact,matched,https://github.com/linkerd/linkerd2,2026-03-31
Linux IMA/EVM,,,,,,not_found,,2026-03-31
Linux LUKS / dm-crypt,,,,,,not_found,,2026-03-31
Mandiant (Google Cloud),,,,,,not_found,,2026-03-31
MariaDB Server,pkg:github/MariaDB/server,github,MariaDB,server,exact,matched,https://github.com/MariaDB/server,2026-03-31
Marvell LiquidSecurity 2,,,,,,not_found,,2026-03-31
Mavenir Cloud RAN,,,,,,not_found,,2026-03-31
Mbed TLS,pkg:github/Mbed-TLS/mbedtls,github,Mbed-TLS,mbedtls,exact,matched,https://github.com/Mbed-TLS/mbedtls,2026-03-31
Microchip ATECC608B,pkg:github/MicrochipTech/cryptoauthlib,github,MicrochipTech,cryptoauthlib,exact,matched,https://github.com/MicrochipTech/cryptoauthlib,2026-03-31
Microchip PolarFire,,,,,,not_found,,2026-03-31
Microsoft AD CS,,,,,,not_found,,2026-03-31
Microsoft Azure,,,,,,not_found,,2026-03-31
Microsoft Defender for Endpoint,,,,,,not_found,,2026-03-31
Microsoft Edge,,,,,,not_found,,2026-03-31
Microsoft Entra External ID,,,,,,not_found,,2026-03-31
Microsoft Entra ID,,,,,,not_found,,2026-03-31
Microsoft Entra Verified ID,,,,,,not_found,,2026-03-31
Microsoft Hyper-V,,,,,,not_found,,2026-03-31
Microsoft Intune,,,,,,not_found,,2026-03-31
Microsoft RDS,,,,,,not_found,,2026-03-31
Microsoft Remote Desktop Services (RDS),,,,,,not_found,,2026-03-31
Microsoft SignTool,,,,,,not_found,,2026-03-31
Microsoft SymCrypt,pkg:github/microsoft/SymCrypt,github,microsoft,SymCrypt,exact,matched,https://github.com/microsoft/SymCrypt,2026-03-31
MikroTik RouterOS,,,,,,not_found,,2026-03-31
Mimecast Cloud Integrated,,,,,,not_found,,2026-03-31
MinIO Enterprise,,,,,,not_found,,2026-03-31
mlkem-native,pkg:github/pq-code-package/mlkem-native,github,pq-code-package,mlkem-native,exact,matched,https://github.com/pq-code-package/mlkem-native,2026-03-31
MongoDB Queryable Encryption,pkg:github/mongodb/libmongocrypt,github,mongodb,libmongocrypt,exact,matched,https://github.com/mongodb/libmongocrypt,2026-03-31
Mozilla Firefox,,,,,,not_found,,2026-03-31
MTG AG CARA,,,,,,not_found,,2026-03-31
MTG AG CLM,,,,,,not_found,,2026-03-31
MTG AG KMS,,,,,,not_found,,2026-03-31
Mullvad VPN App,,,,,,not_found,,2026-03-31
MySQL Community Server,pkg:github/mysql/mysql-server,github,mysql,mysql-server,exact,matched,https://github.com/mysql/mysql-server,2026-03-31
MySQL Enterprise Encryption,,,,,,not_found,,2026-03-31
NEC 5G Core,,,,,,not_found,,2026-03-31
NetApp ONTAP 9.16,,,,,,not_found,,2026-03-31
Netskope Intelligent DLP,,,,,,not_found,,2026-03-31
Nexus Group Certificate Manager,,,,,,not_found,,2026-03-31
Nginx,pkg:github/nginx/nginx,github,nginx,nginx,exact,matched,https://github.com/nginx/nginx,2026-03-31
NGINX Plus,,,,,,not_found,,2026-03-31
Nimbus JOSE+JWT,,,,,,not_found,,2026-03-31
NixOS,pkg:github/NixOS/nixpkgs,github,NixOS,nixpkgs,exact,matched,https://github.com/NixOS/nixpkgs,2026-03-31
noble-post-quantum,pkg:github/paulmillr/noble-post-quantum,github,paulmillr,noble-post-quantum,exact,matched,https://github.com/paulmillr/noble-post-quantum,2026-03-31
Node.js,pkg:github/nodejs/node,github,nodejs,node,exact,matched,https://github.com/nodejs/node,2026-03-31
Nokia Quantum-Safe Networks,,,,,,not_found,,2026-03-31
NordVPN,,,,,,not_found,,2026-03-31
Notary Project,pkg:github/notaryproject/notation,github,notaryproject,notation,exact,matched,https://github.com/notaryproject/notation,2026-03-31
Nozomi Networks Guardian,,,,,,not_found,,2026-03-31
NSS (Mozilla),,,,,,not_found,,2026-03-31
Nutanix AHV,,,,,,not_found,,2026-03-31
Nvidia cuPQC,,,,,,not_found,,2026-03-31
NXP EdgeLock SE051H,,,,,,not_found,,2026-03-31
NXP JCOP 4.5 P71D600,,,,,,not_found,,2026-03-31
NXP SE051 Secure Element,,,,,,not_found,,2026-03-31
OAuth 2.0 / OpenID Connect (OIDC),,,,,,not_found,,2026-03-31
Okta Integration Network,,,,,,not_found,,2026-03-31
Okta Workforce Identity,,,,,,not_found,,2026-03-31
OpenSSH,pkg:github/openssh/openssh-portable,github,openssh,openssh-portable,exact,matched,https://github.com/openssh/openssh-portable,2026-03-31
OpenSSL,pkg:github/openssl/openssl,github,openssl,openssl,manual,matched,https://github.com/openssl/openssl,2026-03-31
openSUSE Leap,,,,,,not_found,,2026-03-31
OpenText Content Cloud,,,,,,not_found,,2026-03-31
OpenVPN,pkg:github/OpenVPN/openvpn,github,OpenVPN,openvpn,exact,matched,https://github.com/OpenVPN/openvpn,2026-03-31
OpenWrt,pkg:github/openwrt/openwrt,github,openwrt,openwrt,exact,matched,https://github.com/openwrt/openwrt,2026-03-31
OPNsense,pkg:github/opnsense/core,github,opnsense,core,exact,matched,https://github.com/opnsense/core,2026-03-31
oqs-provider,pkg:github/open-quantum-safe/oqs-provider,github,open-quantum-safe,oqs-provider,exact,matched,https://github.com/open-quantum-safe/oqs-provider,2026-03-31
Oracle AI Database 26ai,,,,,,not_found,,2026-03-31
Oracle Key Vault,,,,,,not_found,,2026-03-31
Palo Alto Cortex XDR,,,,,,not_found,,2026-03-31
Palo Alto GlobalProtect,,,,,,not_found,,2026-03-31
Palo Alto PAN-OS,,,,,,not_found,,2026-03-31
Palo Alto Prisma SASE,,,,,,not_found,,2026-03-31
Paradym (Animo Solutions),,,,,,not_found,,2026-03-31
Paramiko (Python SSH),pkg:github/paramiko/paramiko,github,paramiko,paramiko,exact,matched,https://github.com/paramiko/paramiko,2026-03-31
Payara Server,pkg:github/payara/Payara,github,payara,Payara,exact,matched,https://github.com/payara/Payara,2026-03-31
pfSense Community Edition,pkg:github/pfsense/pfsense,github,pfsense,pfsense,exact,matched,https://github.com/pfsense/pfsense,2026-03-31
Ping Identity PingFederate,,,,,,not_found,,2026-03-31
Polkadot/Substrate,pkg:github/nicola-mazzocca/BPQS-node,github,nicola-mazzocca,BPQS-node,exact,matched,https://github.com/nicola-mazzocca/BPQS-node,2026-03-31
PostgreSQL,pkg:github/postgres/postgres,github,postgres,postgres,exact,matched,https://github.com/postgres/postgres,2026-03-31
PostgreSQL pgcrypto,,,,,,not_found,,2026-03-31
PQ Code Package,,,,,,not_found,,2026-03-31
pqc-flow,pkg:github/CipherIQ/pqc-flow,github,CipherIQ,pqc-flow,exact,matched,https://github.com/CipherIQ/pqc-flow,2026-03-31
PQC-LEO,pkg:github/crt26/pqc-evaluation-tools,github,crt26,pqc-evaluation-tools,exact,matched,https://github.com/crt26/pqc-evaluation-tools,2026-03-31
PQClean,pkg:github/PQClean/PQClean,github,PQClean,PQClean,exact,matched,https://github.com/PQClean/PQClean,2026-03-31
pqcrypto,pkg:cargo/pqcrypto,cargo,,pqcrypto,exact,matched,https://crates.io/crates/pqcrypto,2026-03-31
PQCryptoLib-Core,,,,,,not_found,,2026-03-31
pqcscan,pkg:github/anvilsecure/pqcscan,github,anvilsecure,pqcscan,exact,matched,https://github.com/anvilsecure/pqcscan,2026-03-31
pqm4,pkg:github/mupq/pqm4,github,mupq,pqm4,exact,matched,https://github.com/mupq/pqm4,2026-03-31
PQMicroLib-Core,,,,,,not_found,,2026-03-31
PQShield Core,,,,,,not_found,,2026-03-31
PQShield PQSDK,,,,,,not_found,,2026-03-31
Procivis One,pkg:github/procivis/one-open-core,github,procivis,one-open-core,exact,matched,https://github.com/procivis/one-open-core,2026-03-31
Project Eleven Solana PQC,,,,,,not_found,,2026-03-31
Proofpoint Aegis,,,,,,not_found,,2026-03-31
Protect AI Guardian,,,,,,not_found,,2026-03-31
Proton Mail,,,,,,not_found,,2026-03-31
Proton VPN,,,,,,not_found,,2026-03-31
Pure Storage Purity//FA 6.6,,,,,,not_found,,2026-03-31
PuTTY,,,,,,not_found,,2026-03-31
PyCryptodome,pkg:github/Legrandin/pycryptodome,github,Legrandin,pycryptodome,exact,matched,https://github.com/Legrandin/pycryptodome,2026-03-31
PyJWT,pkg:github/jpadilla/pyjwt,github,jpadilla,pyjwt,exact,matched,https://github.com/jpadilla/pyjwt,2026-03-31
Q-CORE Q-Scanner,,,,,,not_found,,2026-03-31
QRL,pkg:github/theQRL/QRL,github,theQRL,QRL,exact,matched,https://github.com/theQRL/QRL,2026-03-31
Qrypt BLAST SDK,,,,,,not_found,,2026-03-31
Qualcomm Snapdragon SPU,,,,,,not_found,,2026-03-31
Qualcomm Snapdragon Trusted Execution Environment,,,,,,not_found,,2026-03-31
Qualys Cloud Platform,,,,,,not_found,,2026-03-31
Quantinuum Quantum Origin,,,,,,not_found,,2026-03-31
QuintessenceLabs qSOC,,,,,,not_found,,2026-03-31
QuintessenceLabs qStream,,,,,,not_found,,2026-03-31
QuSecure QuProtect R3,,,,,,not_found,,2026-03-31
R3 Corda,pkg:github/corda/corda,github,corda,corda,exact,matched,https://github.com/corda/corda,2026-03-31
Rakuten Symphony (Symworld),,,,,,not_found,,2026-03-31
Rapid7 InsightVM,,,,,,not_found,,2026-03-31
Recorded Future,,,,,,not_found,,2026-03-31
Red Hat Enterprise Linux 9,,,,,,not_found,,2026-03-31
Red Hat OpenShift,,,,,,not_found,,2026-03-31
Redis,pkg:github/redis/redis,github,redis,redis,exact,matched,https://github.com/redis/redis,2026-03-31
Resquant Crypto Accelerator,,,,,,not_found,,2026-03-31
Rocky Linux,,,,,,not_found,,2026-03-31
RPM Signing (rpm-sign),pkg:github/rpm-software-management/rpm,github,rpm-software-management,rpm,exact,matched,https://github.com/rpm-software-management/rpm,2026-03-31
Rubrik Security Cloud,,,,,,not_found,,2026-03-31
RustCrypto ml-dsa,pkg:cargo/ml-dsa,cargo,,ml-dsa,exact,matched,https://crates.io/crates/ml-dsa,2026-03-31
RustCrypto ml-kem,pkg:cargo/ml-kem,cargo,,ml-kem,exact,matched,https://crates.io/crates/ml-kem,2026-03-31
RustCrypto slh-dsa,pkg:cargo/slh-dsa,cargo,,slh-dsa,exact,matched,https://crates.io/crates/slh-dsa,2026-03-31
rustls,pkg:github/rustls/rustls,github,rustls,rustls,exact,matched,https://github.com/rustls/rustls,2026-03-31
SafeLogic CryptoComply,,,,,,not_found,,2026-03-31
SAML 2.0,,,,,,not_found,,2026-03-31
Samsung Knox Quantum-Safe,,,,,,not_found,,2026-03-31
Samsung Networks 5G Core,,,,,,not_found,,2026-03-31
Samsung S3SSE2A eSE,,,,,,not_found,,2026-03-31
SandboxAQ AQtive Guard,,,,,,not_found,,2026-03-31
SandboxAQ Sandwich,,,,,,not_found,,2026-03-31
SAP Cryptographic Library,,,,,,not_found,,2026-03-31
Scality RING9,,,,,,not_found,,2026-03-31
SEALSQ QS7001,,,,,,not_found,,2026-03-31
SEALSQ Quantum Shield,,,,,,not_found,,2026-03-31
Sectigo 2026 Predictions,,,,,,not_found,,2026-03-31
Sectigo Cert Manager 2026,,,,,,not_found,,2026-03-31
Sectigo Certificate Manager,,,,,,not_found,,2026-03-31
Sectigo Certificate Manager (SCM),,,,,,not_found,,2026-03-31
Secure-IC Securyzr,,,,,,not_found,,2026-03-31
Securosys CloudHSM,,,,,,not_found,,2026-03-31
Securosys Primus HSM,,,,,,not_found,,2026-03-31
Senetas CN7000 Series,,,,,,not_found,,2026-03-31
Siemens SINEMA Remote Connect,,,,,,not_found,,2026-03-31
Signal,pkg:github/signalapp/libsignal,github,signalapp,libsignal,exact,matched,https://github.com/signalapp/libsignal,2026-03-31
Signiant Media Shuttle,,,,,,not_found,,2026-03-31
SignServer,pkg:github/Keyfactor/signserver-ce,github,Keyfactor,signserver-ce,exact,matched,https://github.com/Keyfactor/signserver-ce,2026-03-31
sigstore/cosign,pkg:github/sigstore/cosign,github,sigstore,cosign,exact,matched,https://github.com/sigstore/cosign,2026-03-31
smallstep Certificate Authority,pkg:github/smallstep/certificates,github,smallstep,certificates,exact,matched,https://github.com/smallstep/certificates,2026-03-31
Snort IDS/IPS,pkg:github/snort3/snort3,github,snort3,snort3,exact,matched,https://github.com/snort3/snort3,2026-03-31
SOC 2 (Quantum Trust Criteria),,,,,,not_found,,2026-03-31
SoftHSM2,pkg:github/opendnssec/SoftHSMv2,github,opendnssec,SoftHSMv2,exact,matched,https://github.com/opendnssec/SoftHSMv2,2026-03-31
Solana,pkg:github/solana-labs/solana,github,solana-labs,solana,exact,matched,https://github.com/solana-labs/solana,2026-03-31
Sonatype Nexus,,,,,,not_found,,2026-03-31
SOTI MobiControl,,,,,,not_found,,2026-03-31
Sphereon SSI SDK,pkg:github/Sphereon-Opensource/SSI-SDK,github,Sphereon-Opensource,SSI-SDK,exact,matched,https://github.com/Sphereon-Opensource/SSI-SDK,2026-03-31
Splunk Enterprise,,,,,,not_found,,2026-03-31
Spring Security OAuth2,pkg:github/spring-projects/spring-security,github,spring-projects,spring-security,exact,matched,https://github.com/spring-projects/spring-security,2026-03-31
SpruceID,,,,,,not_found,,2026-03-31
SQL Server TDE/Always Encrypted,,,,,,not_found,,2026-03-31
SSLyze,pkg:github/nabla-c0d3/sslyze,github,nabla-c0d3,sslyze,exact,matched,https://github.com/nabla-c0d3/sslyze,2026-03-31
STMicroelectronics ST33KTPM,,,,,,not_found,,2026-03-31
strongSwan,pkg:github/strongswan/strongswan,github,strongswan,strongswan,exact,matched,https://github.com/strongswan/strongswan,2026-03-31
Sui,pkg:github/MystenLabs/sui,github,MystenLabs,sui,exact,matched,https://github.com/MystenLabs/sui,2026-03-31
SUPERCOP,,,,,,not_found,,2026-03-31
Surfshark,,,,,,not_found,,2026-03-31
Suricata IDS/IPS,pkg:github/OISF/suricata,github,OISF,suricata,exact,matched,https://github.com/OISF/suricata,2026-03-31
SUSE Linux Enterprise Server (SLES),,,,,,not_found,,2026-03-31
Taurus SA,,,,,,not_found,,2026-03-31
Telegram,,,,,,not_found,,2026-03-31
Teleport Access Platform,pkg:github/gravitational/teleport,github,gravitational,teleport,exact,matched,https://github.com/gravitational/teleport,2026-03-31
Tenable Nessus Professional,,,,,,not_found,,2026-03-31
testssl.sh,pkg:github/drwetter/testssl.sh,github,drwetter,testssl.sh,exact,matched,https://github.com/drwetter/testssl.sh,2026-03-31
Thales 5G Quantum-Safe SIM,,,,,,not_found,,2026-03-31
Thales CipherTrust Cloud Key Manager,,,,,,not_found,,2026-03-31
Thales CipherTrust Data Security Platform,,,,,,not_found,,2026-03-31
Thales CipherTrust Manager,,,,,,not_found,,2026-03-31
Thales High Speed Encryptor (HSE),,,,,,not_found,,2026-03-31
Thales Luna Cloud HSM (DPoD),,,,,,not_found,,2026-03-31
Thales Luna HSM,,,,,,not_found,,2026-03-31
Thales Luna T-Series HSM,,,,,,not_found,,2026-03-31
Thales MISTRAL Encryptor,,,,,,not_found,,2026-03-31
Thales MultiApp 5.2 Premium PQC,,,,,,not_found,,2026-03-31
Thales payShield 10K,,,,,,not_found,,2026-03-31
TianoCore EDK2 (UEFI Firmware),pkg:github/tianocore/edk2,github,tianocore,edk2,exact,matched,https://github.com/tianocore/edk2,2026-03-31
Tor Browser,,,,,,not_found,,2026-03-31
Toshiba QKD System,,,,,,not_found,,2026-03-31
Traefik,pkg:github/traefik/traefik,github,traefik,traefik,exact,matched,https://github.com/traefik/traefik,2026-03-31
Tuta Mail,,,,,,not_found,,2026-03-31
U-Boot,pkg:github/u-boot/u-boot,github,u-boot,u-boot,exact,matched,https://github.com/u-boot/u-boot,2026-03-31
Ubuntu 24.04 LTS,,,,,,not_found,,2026-03-31
Ubuntu 26.04 LTS,,,,,,not_found,,2026-03-31
Unisys ClearPath Forward,,,,,,not_found,,2026-03-31
Utimaco ESKM,,,,,,not_found,,2026-03-31
Utimaco SecurityServer,,,,,,not_found,,2026-03-31
Utimaco uTrust HSM,,,,,,not_found,,2026-03-31
VanDyke SecureCRT 10.x,,,,,,not_found,,2026-03-31
Veeam Data Platform v13,,,,,,not_found,,2026-03-31
Venafi CodeSign Protect,,,,,,not_found,,2026-03-31
Venafi TLS PQC Continuity,,,,,,not_found,,2026-03-31
Venafi TLS Protect,,,,,,not_found,,2026-03-31
Venafi Trust Protection Platform,,,,,,not_found,,2026-03-31
Veracode Platform,,,,,,not_found,,2026-03-31
VeraCrypt,pkg:github/veracrypt/VeraCrypt,github,veracrypt,VeraCrypt,exact,matched,https://github.com/veracrypt/VeraCrypt,2026-03-31
Veritas NetBackup 10.5,,,,,,not_found,,2026-03-31
VIAVI Observer Analyzer,,,,,,not_found,,2026-03-31
VIAVI TeraVM Security Test,,,,,,not_found,,2026-03-31
Virtru Data Protection,,,,,,not_found,,2026-03-31
VMware ESXi 9.0,,,,,,not_found,,2026-03-31
VMware Horizon,,,,,,not_found,,2026-03-31
VMware Workspace ONE,,,,,,not_found,,2026-03-31
Vultr Cloud GPU,,,,,,not_found,,2026-03-31
walt.id,,,,,,not_found,,2026-03-31
WhatsApp,,,,,,not_found,,2026-03-31
WildFly (JBoss),pkg:github/wildfly/wildfly,github,wildfly,wildfly,exact,matched,https://github.com/wildfly/wildfly,2026-03-31
Wind River VxWorks,,,,,,not_found,,2026-03-31
Windows 11,,,,,,not_found,,2026-03-31
Windows Server 2025,,,,,,not_found,,2026-03-31
Windscribe,,,,,,not_found,,2026-03-31
Wire,,,,,,not_found,,2026-03-31
WireGuard,,,,,,not_found,,2026-03-31
wolfBoot,pkg:github/wolfSSL/wolfBoot,github,wolfSSL,wolfBoot,exact,matched,https://github.com/wolfSSL/wolfBoot,2026-03-31
wolfSSH,pkg:github/wolfSSL/wolfssh,github,wolfSSL,wolfssh,exact,matched,https://github.com/wolfSSL/wolfssh,2026-03-31
wolfSSL,pkg:github/wolfSSL/wolfssl,github,wolfSSL,wolfssl,exact,matched,https://github.com/wolfSSL/wolfssl,2026-03-31
Xiphera PQC IP Cores,,,,,,not_found,,2026-03-31
Xiphera XIP6110B,,,,,,not_found,,2026-03-31
XiPKI,pkg:github/xipki/xipki,github,xipki,xipki,exact,matched,https://github.com/xipki/xipki,2026-03-31
xmss-reference,pkg:github/XMSS/xmss-reference,github,XMSS,xmss-reference,exact,matched,https://github.com/XMSS/xmss-reference,2026-03-31
Yubico YubiHSM 2,pkg:github/Yubico/yubihsm-shell,github,Yubico,yubihsm-shell,exact,matched,https://github.com/Yubico/yubihsm-shell,2026-03-31
Zeek Network Analysis Framework,pkg:github/zeek/zeek,github,zeek,zeek,exact,matched,https://github.com/zeek/zeek,2026-03-31
Zerto 11.0,,,,,,not_found,,2026-03-31
Zodia Custody,,,,,,not_found,,2026-03-31
Zoom Compliance 2026,,,,,,not_found,,2026-03-31
Zscaler Zero Trust Exchange,,,,,,not_found,,2026-03-31
Zscaler ZTE,,,,,,not_found,,2026-03-31
