kat_id,algorithm,local_kat_file,main_site_source,specific_kat_url,source_freshness_date,learning_module_id,use_case_validated,integration_status,keys_json_path
KAT-AGENT2AG-001,ML-DSA-65,/kat/AISecurityPQC/Agent2AgentProtocol/step_1_execution.json,NIST CSRC,https://csrc.nist.gov/pubs/fips/204/final,03/2026,AISecurityPQC,Agent2AgentProtocol step_1_execution,Active,/kat/AISecurityPQC/Agent2AgentProtocol/keys.json
KAT-AGENTAUT-002,AES-256-GCM,/kat/AISecurityPQC/AgentAuthDesigner/step_1_execution.json,NIST SP 800-38D,https://csrc.nist.gov/pubs/sp/800/38/d/final,03/2026,AISecurityPQC,AgentAuthDesigner step_1_execution,Active,/kat/AISecurityPQC/AgentAuthDesigner/keys.json
KAT-AGENTICC-003,SHA-256,/kat/AISecurityPQC/AgenticCommerceSimulator/step_1_execution.json,NIST FIPS 180-4,https://csrc.nist.gov/pubs/fips/180-4/upd1/final,03/2026,AISecurityPQC,AgenticCommerceSimulator step_1_execution,Active,/kat/AISecurityPQC/AgenticCommerceSimulator/keys.json
KAT-DATAAUTH-004,ML-DSA-65,/kat/AISecurityPQC/DataAuthenticityVerifier/step_1_load_asset.json,NIST CSRC,https://csrc.nist.gov/pubs/fips/204/final,03/2026,AISecurityPQC,DataAuthenticityVerifier step_1_load_asset,Active,/kat/AISecurityPQC/DataAuthenticityVerifier/keys.json
KAT-DATAAUTH-005,ML-DSA-65,/kat/AISecurityPQC/DataAuthenticityVerifier/step_2_verify_signature.json,NIST CSRC,https://csrc.nist.gov/pubs/fips/204/final,03/2026,AISecurityPQC,DataAuthenticityVerifier step_2_verify_signature,Active,/kat/AISecurityPQC/DataAuthenticityVerifier/keys.json
KAT-DATAPROT-006,AES-256-GCM,/kat/AISecurityPQC/DataProtectionAnalyzer/step_1_load_asset.json,NIST SP 800-38D,https://csrc.nist.gov/pubs/sp/800/38/d/final,03/2026,AISecurityPQC,DataProtectionAnalyzer step_1_load_asset,Active,/kat/AISecurityPQC/DataProtectionAnalyzer/keys.json
KAT-DATAPROT-007,AES-256-GCM,/kat/AISecurityPQC/DataProtectionAnalyzer/step_2_verify_signature.json,NIST SP 800-38D,https://csrc.nist.gov/pubs/sp/800/38/d/final,03/2026,AISecurityPQC,DataProtectionAnalyzer step_2_verify_signature,Active,/kat/AISecurityPQC/DataProtectionAnalyzer/keys.json
KAT-MODELWEI-008,SHA-256,/kat/AISecurityPQC/ModelWeightVault/step_1_execution.json,NIST FIPS 180-4,https://csrc.nist.gov/pubs/fips/180-4/upd1/final,03/2026,AISecurityPQC,ModelWeightVault step_1_execution,Active,/kat/AISecurityPQC/ModelWeightVault/keys.json
KAT-SCALEENC-009,ML-DSA-65,/kat/AISecurityPQC/ScaleEncryptionPlanner/step_1_algorithm_selection.json,NIST CSRC,https://csrc.nist.gov/pubs/fips/204/final,03/2026,AISecurityPQC,ScaleEncryptionPlanner step_1_algorithm_selection,Active,/kat/AISecurityPQC/ScaleEncryptionPlanner/keys.json
KAT-HYBRIDJW-010,ML-DSA-65,/kat/APISecurityJWT/HybridJWT/step_1_execution.json,NIST CSRC,https://csrc.nist.gov/pubs/fips/204/final,03/2026,APISecurityJWT,HybridJWT step_1_execution,Active,/kat/APISecurityJWT/HybridJWT/keys.json
KAT-JWEENCRY-011,ML-KEM-768,/kat/APISecurityJWT/JWEEncryption/step_1_execution.json,NIST CSRC,https://csrc.nist.gov/pubs/fips/203/final,03/2026,APISecurityJWT,JWEEncryption step_1_execution,Active,/kat/APISecurityJWT/JWEEncryption/keys.json
KAT-JWTINSPE-012,HMAC-SHA-256,/kat/APISecurityJWT/JWTInspector/step_1_execution.json,NIST FIPS 198-1,https://csrc.nist.gov/pubs/fips/198-1/final,03/2026,APISecurityJWT,JWTInspector step_1_execution,Active,/kat/APISecurityJWT/JWTInspector/keys.json
KAT-PQCJWTSI-013,ML-DSA-65,/kat/APISecurityJWT/PQCJWTSigning/step_1_hash.json,NIST CSRC,https://csrc.nist.gov/pubs/fips/204/final,03/2026,APISecurityJWT,PQCJWTSigning step_1_hash,Active,/kat/APISecurityJWT/PQCJWTSigning/keys.json
KAT-PQCJWTSI-014,ML-DSA-65,/kat/APISecurityJWT/PQCJWTSigning/step_2_sign.json,NIST CSRC,https://csrc.nist.gov/pubs/fips/204/final,03/2026,APISecurityJWT,PQCJWTSigning step_2_sign,Active,/kat/APISecurityJWT/PQCJWTSigning/keys.json
KAT-TOKENSIZ-015,ML-KEM-768,/kat/APISecurityJWT/TokenSizeAnalyzer/step_1_load_asset.json,NIST CSRC,https://csrc.nist.gov/pubs/fips/203/final,03/2026,APISecurityJWT,TokenSizeAnalyzer step_1_load_asset,Active,/kat/APISecurityJWT/TokenSizeAnalyzer/keys.json
KAT-TOKENSIZ-016,ML-KEM-768,/kat/APISecurityJWT/TokenSizeAnalyzer/step_2_verify_signature.json,NIST CSRC,https://csrc.nist.gov/pubs/fips/203/final,03/2026,APISecurityJWT,TokenSizeAnalyzer step_2_verify_signature,Active,/kat/APISecurityJWT/TokenSizeAnalyzer/keys.json
KAT-AVIONICS-017,ML-DSA-87,/kat/AerospacePQC/AvionicsProtocolAnalyzer/step_1_load_asset.json,NIST CSRC,https://csrc.nist.gov/pubs/fips/204/final,03/2026,AerospacePQC,AvionicsProtocolAnalyzer step_1_load_asset,Active,/kat/AerospacePQC/AvionicsProtocolAnalyzer/keys.json
KAT-AVIONICS-018,ML-DSA-87,/kat/AerospacePQC/AvionicsProtocolAnalyzer/step_2_verify_signature.json,NIST CSRC,https://csrc.nist.gov/pubs/fips/204/final,03/2026,AerospacePQC,AvionicsProtocolAnalyzer step_2_verify_signature,Active,/kat/AerospacePQC/AvionicsProtocolAnalyzer/keys.json
KAT-CERTIFIC-019,ML-KEM-768,/kat/AerospacePQC/CertificationImpactAnalyzer/step_1_load_asset.json,NIST CSRC,https://csrc.nist.gov/pubs/fips/203/final,03/2026,AerospacePQC,CertificationImpactAnalyzer step_1_load_asset,Active,/kat/AerospacePQC/CertificationImpactAnalyzer/keys.json
KAT-CERTIFIC-020,ML-KEM-768,/kat/AerospacePQC/CertificationImpactAnalyzer/step_2_verify_signature.json,NIST CSRC,https://csrc.nist.gov/pubs/fips/203/final,03/2026,AerospacePQC,CertificationImpactAnalyzer step_2_verify_signature,Active,/kat/AerospacePQC/CertificationImpactAnalyzer/keys.json
KAT-EXPORTCO-021,ML-DSA-87,/kat/AerospacePQC/ExportControlClassifier/step_1_execution.json,NIST CSRC,https://csrc.nist.gov/pubs/fips/204/final,03/2026,AerospacePQC,ExportControlClassifier step_1_execution,Active,/kat/AerospacePQC/ExportControlClassifier/keys.json
KAT-FLEETINT-022,ML-DSA-87,/kat/AerospacePQC/FleetInteroperabilityMatrix/step_1_execution.json,NIST CSRC,https://csrc.nist.gov/pubs/fips/204/final,03/2026,AerospacePQC,FleetInteroperabilityMatrix step_1_execution,Active,/kat/AerospacePQC/FleetInteroperabilityMatrix/keys.json
KAT-MISSIONC-023,ML-KEM-768,/kat/AerospacePQC/MissionCryptoLifecyclePlanner/step_1_algorithm_selection.json,NIST CSRC,https://csrc.nist.gov/pubs/fips/203/final,03/2026,AerospacePQC,MissionCryptoLifecyclePlanner step_1_algorithm_selection,Active,/kat/AerospacePQC/MissionCryptoLifecyclePlanner/keys.json
KAT-SATELLIT-024,ML-DSA-87,/kat/AerospacePQC/SatelliteLinkBudgetCalculator/step_1_execution.json,NIST CSRC,https://csrc.nist.gov/pubs/fips/204/final,03/2026,AerospacePQC,SatelliteLinkBudgetCalculator step_1_execution,Active,/kat/AerospacePQC/SatelliteLinkBudgetCalculator/keys.json
KAT-CARKEYPR-025,ML-DSA-44,/kat/AutomotivePQC/CarKeyProtocolExplorer/step_1_execution.json,NIST CSRC,https://csrc.nist.gov/pubs/fips/204/final,03/2026,AutomotivePQC,CarKeyProtocolExplorer step_1_execution,Active,/kat/AutomotivePQC/CarKeyProtocolExplorer/keys.json
KAT-LIFECYCL-026,ML-KEM-768,/kat/AutomotivePQC/LifecycleMigrationRoadmap/step_1_execution.json,NIST CSRC,https://csrc.nist.gov/pubs/fips/203/final,03/2026,AutomotivePQC,LifecycleMigrationRoadmap step_1_execution,Active,/kat/AutomotivePQC/LifecycleMigrationRoadmap/keys.json
KAT-OTAORCHE-027,AES-256-GCM,/kat/AutomotivePQC/OTAOrchestrationPlanner/step_1_algorithm_selection.json,NIST SP 800-38D,https://csrc.nist.gov/pubs/sp/800/38/d/final,03/2026,AutomotivePQC,OTAOrchestrationPlanner step_1_algorithm_selection,Active,/kat/AutomotivePQC/OTAOrchestrationPlanner/keys.json
KAT-SAFETYCR-028,ML-DSA-44,/kat/AutomotivePQC/SafetyCryptoAnalyzer/step_1_load_asset.json,NIST CSRC,https://csrc.nist.gov/pubs/fips/204/final,03/2026,AutomotivePQC,SafetyCryptoAnalyzer step_1_load_asset,Active,/kat/AutomotivePQC/SafetyCryptoAnalyzer/keys.json
KAT-SAFETYCR-029,ML-DSA-44,/kat/AutomotivePQC/SafetyCryptoAnalyzer/step_2_verify_signature.json,NIST CSRC,https://csrc.nist.gov/pubs/fips/204/final,03/2026,AutomotivePQC,SafetyCryptoAnalyzer step_2_verify_signature,Active,/kat/AutomotivePQC/SafetyCryptoAnalyzer/keys.json
KAT-SENSORDA-030,ML-KEM-768,/kat/AutomotivePQC/SensorDataIntegritySimulator/step_1_execution.json,NIST CSRC,https://csrc.nist.gov/pubs/fips/203/final,03/2026,AutomotivePQC,SensorDataIntegritySimulator step_1_execution,Active,/kat/AutomotivePQC/SensorDataIntegritySimulator/keys.json
KAT-VEHICLEA-031,AES-256-GCM,/kat/AutomotivePQC/VehicleArchitectureMapper/step_1_execution.json,NIST SP 800-38D,https://csrc.nist.gov/pubs/sp/800/38/d/final,03/2026,AutomotivePQC,VehicleArchitectureMapper step_1_execution,Active,/kat/AutomotivePQC/VehicleArchitectureMapper/keys.json
KAT-BINARYSI-032,ML-DSA-65,/kat/CodeSigning/BinarySigning/step_1_ml_dsa_65_keygen.json,NIST CSRC,https://csrc.nist.gov/pubs/fips/204/final,03/2026,CodeSigning,BinarySigning step_1_ml_dsa_65_keygen,Active,/kat/CodeSigning/BinarySigning/keys.json
KAT-BINARYSI-033,ML-DSA-65,/kat/CodeSigning/BinarySigning/step_2_sign_artifact.json,NIST CSRC,https://csrc.nist.gov/pubs/fips/204/final,03/2026,CodeSigning,BinarySigning step_2_sign_artifact,Active,/kat/CodeSigning/BinarySigning/keys.json
KAT-BINARYSI-034,ML-DSA-65,/kat/CodeSigning/BinarySigning/step_3_verify_artifact.json,NIST CSRC,https://csrc.nist.gov/pubs/fips/204/final,03/2026,CodeSigning,BinarySigning step_3_verify_artifact,Active,/kat/CodeSigning/BinarySigning/keys.json
KAT-CERTCHAI-035,ML-DSA-87,/kat/CodeSigning/CertChainBuilder/step_1_keygen.json,NIST CSRC,https://csrc.nist.gov/pubs/fips/204/final,03/2026,CodeSigning,CertChainBuilder step_1_keygen,Active,/kat/CodeSigning/CertChainBuilder/keys.json
KAT-CERTCHAI-036,ML-DSA-87,/kat/CodeSigning/CertChainBuilder/step_2_compute.json,NIST CSRC,https://csrc.nist.gov/pubs/fips/204/final,03/2026,CodeSigning,CertChainBuilder step_2_compute,Active,/kat/CodeSigning/CertChainBuilder/keys.json
KAT-PACKAGES-037,ML-DSA-65,/kat/CodeSigning/PackageSigning/step_1_ml_dsa_65_keygen.json,NIST CSRC,https://csrc.nist.gov/pubs/fips/204/final,03/2026,CodeSigning,PackageSigning step_1_ml_dsa_65_keygen,Active,/kat/CodeSigning/PackageSigning/keys.json
KAT-PACKAGES-038,ML-DSA-65,/kat/CodeSigning/PackageSigning/step_2_sign_artifact.json,NIST CSRC,https://csrc.nist.gov/pubs/fips/204/final,03/2026,CodeSigning,PackageSigning step_2_sign_artifact,Active,/kat/CodeSigning/PackageSigning/keys.json
KAT-PACKAGES-039,ML-DSA-65,/kat/CodeSigning/PackageSigning/step_3_verify_artifact.json,NIST CSRC,https://csrc.nist.gov/pubs/fips/204/final,03/2026,CodeSigning,PackageSigning step_3_verify_artifact,Active,/kat/CodeSigning/PackageSigning/keys.json
KAT-SECUREBO-040,ML-DSA-65,/kat/CodeSigning/SecureBootChain/step_1_execution.json,NIST CSRC,https://csrc.nist.gov/pubs/fips/204/final,03/2026,CodeSigning,SecureBootChain step_1_execution,Active,/kat/CodeSigning/SecureBootChain/keys.json
KAT-SIGSTORE-041,ML-DSA-87,/kat/CodeSigning/SigstoreFlow/step_1_execution.json,NIST CSRC,https://csrc.nist.gov/pubs/fips/204/final,03/2026,CodeSigning,SigstoreFlow step_1_execution,Active,/kat/CodeSigning/SigstoreFlow/keys.json
KAT-ATTESTAT-042,ML-DSA-65,/kat/ConfidentialComputing/AttestationWorkshop/step_1_execution.json,NIST CSRC,https://csrc.nist.gov/pubs/fips/204/final,03/2026,ConfidentialComputing,AttestationWorkshop step_1_execution,Active,/kat/ConfidentialComputing/AttestationWorkshop/keys.json
KAT-ENCRYPTI-043,ML-KEM-768,/kat/ConfidentialComputing/EncryptionMechanisms/step_1_execution.json,NIST CSRC,https://csrc.nist.gov/pubs/fips/203/final,03/2026,ConfidentialComputing,EncryptionMechanisms step_1_execution,Active,/kat/ConfidentialComputing/EncryptionMechanisms/keys.json
KAT-QUANTUMT-044,SHA-256,/kat/ConfidentialComputing/QuantumThreatMigration/step_1_execution.json,NIST FIPS 180-4,https://csrc.nist.gov/pubs/fips/180-4/upd1/final,03/2026,ConfidentialComputing,QuantumThreatMigration step_1_execution,Active,/kat/ConfidentialComputing/QuantumThreatMigration/keys.json
KAT-TEEARCHI-045,ML-DSA-65,/kat/ConfidentialComputing/TEEArchitectureExplorer/step_1_execution.json,NIST CSRC,https://csrc.nist.gov/pubs/fips/204/final,03/2026,ConfidentialComputing,TEEArchitectureExplorer step_1_execution,Active,/kat/ConfidentialComputing/TEEArchitectureExplorer/keys.json
KAT-TEEHSMTR-046,ML-KEM-768,/kat/ConfidentialComputing/TEEHSMTrustedChannel/step_1_execution.json,NIST CSRC,https://csrc.nist.gov/pubs/fips/203/final,03/2026,ConfidentialComputing,TEEHSMTrustedChannel step_1_execution,Active,/kat/ConfidentialComputing/TEEHSMTrustedChannel/keys.json
KAT-ABSTRACT-047,ML-DSA-65,/kat/CryptoAgility/AbstractionLayerDemo/step_1_execution.json,NIST CSRC,https://csrc.nist.gov/pubs/fips/204/final,03/2026,CryptoAgility,AbstractionLayerDemo step_1_execution,Active,/kat/CryptoAgility/AbstractionLayerDemo/keys.json
KAT-CBOMSCAN-048,SLH-DSA-SHA2-128s,/kat/CryptoAgility/CBOMScanner/step_1_execution.json,NIST CSRC,https://csrc.nist.gov/pubs/fips/205/final,03/2026,CryptoAgility,CBOMScanner step_1_execution,Active,/kat/CryptoAgility/CBOMScanner/keys.json
KAT-MIGRATIO-049,ECDSA-P256,/kat/CryptoAgility/MigrationPlanningExercise/step_1_execution.json,NIST FIPS 186-5,https://csrc.nist.gov/pubs/fips/186-5/final,03/2026,CryptoAgility,MigrationPlanningExercise step_1_execution,Active,/kat/CryptoAgility/MigrationPlanningExercise/keys.json
KAT-APIARCHI-050,ML-DSA-65,/kat/CryptoDevAPIs/APIArchitectureExplorer/step_1_execution.json,NIST CSRC,https://csrc.nist.gov/pubs/fips/204/final,03/2026,CryptoDevAPIs,APIArchitectureExplorer step_1_execution,Active,/kat/CryptoDevAPIs/APIArchitectureExplorer/keys.json
KAT-BUILDBUY-051,ECDSA-P256,/kat/CryptoDevAPIs/BuildBuyAnalyzer/step_1_load_asset.json,NIST FIPS 186-5,https://csrc.nist.gov/pubs/fips/186-5/final,03/2026,CryptoDevAPIs,BuildBuyAnalyzer step_1_load_asset,Active,/kat/CryptoDevAPIs/BuildBuyAnalyzer/keys.json
KAT-BUILDBUY-052,ECDSA-P256,/kat/CryptoDevAPIs/BuildBuyAnalyzer/step_2_verify_signature.json,NIST FIPS 186-5,https://csrc.nist.gov/pubs/fips/186-5/final,03/2026,CryptoDevAPIs,BuildBuyAnalyzer step_2_verify_signature,Active,/kat/CryptoDevAPIs/BuildBuyAnalyzer/keys.json
KAT-CRYPTOAG-053,EdDSA,/kat/CryptoDevAPIs/CryptoAgilityPatterns/step_1_execution.json,IETF RFC 8032,https://www.rfc-editor.org/rfc/rfc8032,03/2026,CryptoDevAPIs,CryptoAgilityPatterns step_1_execution,Active,/kat/CryptoDevAPIs/CryptoAgilityPatterns/keys.json
KAT-LANGUAGE-054,ML-DSA-65,/kat/CryptoDevAPIs/LanguageEcosystemComparator/step_1_execution.json,NIST CSRC,https://csrc.nist.gov/pubs/fips/204/final,03/2026,CryptoDevAPIs,LanguageEcosystemComparator step_1_execution,Active,/kat/CryptoDevAPIs/LanguageEcosystemComparator/keys.json
KAT-MIGRATIO-055,ECDSA-P256,/kat/CryptoDevAPIs/MigrationDecisionLab/step_1_execution.json,NIST FIPS 186-5,https://csrc.nist.gov/pubs/fips/186-5/final,03/2026,CryptoDevAPIs,MigrationDecisionLab step_1_execution,Active,/kat/CryptoDevAPIs/MigrationDecisionLab/keys.json
KAT-PQCLIBRA-056,EdDSA,/kat/CryptoDevAPIs/PQCLibraryExplorer/step_1_execution.json,IETF RFC 8032,https://www.rfc-editor.org/rfc/rfc8032,03/2026,CryptoDevAPIs,PQCLibraryExplorer step_1_execution,Active,/kat/CryptoDevAPIs/PQCLibraryExplorer/keys.json
KAT-PQCSUPPO-057,ML-DSA-65,/kat/CryptoDevAPIs/PQCSupportMatrix/step_1_execution.json,NIST CSRC,https://csrc.nist.gov/pubs/fips/204/final,03/2026,CryptoDevAPIs,PQCSupportMatrix step_1_execution,Active,/kat/CryptoDevAPIs/PQCSupportMatrix/keys.json
KAT-PROVIDER-058,ECDSA-P256,/kat/CryptoDevAPIs/ProviderPatternWorkshop/step_1_execution.json,NIST FIPS 186-5,https://csrc.nist.gov/pubs/fips/186-5/final,03/2026,CryptoDevAPIs,ProviderPatternWorkshop step_1_execution,Active,/kat/CryptoDevAPIs/ProviderPatternWorkshop/keys.json
KAT-ASSETINV-059,ML-KEM-1024,/kat/DataAssetSensitivity/AssetInventoryBuilder/step_1_keygen.json,NIST CSRC,https://csrc.nist.gov/pubs/fips/203/final,03/2026,DataAssetSensitivity,AssetInventoryBuilder step_1_keygen,Active,/kat/DataAssetSensitivity/AssetInventoryBuilder/keys.json
KAT-ASSETINV-060,ML-KEM-1024,/kat/DataAssetSensitivity/AssetInventoryBuilder/step_2_compute.json,NIST CSRC,https://csrc.nist.gov/pubs/fips/203/final,03/2026,DataAssetSensitivity,AssetInventoryBuilder step_2_compute,Active,/kat/DataAssetSensitivity/AssetInventoryBuilder/keys.json
KAT-CLASSIFI-061,ML-KEM-512,/kat/DataAssetSensitivity/ClassificationChallenge/step_1_execution.json,NIST CSRC,https://csrc.nist.gov/pubs/fips/203/final,03/2026,DataAssetSensitivity,ClassificationChallenge step_1_execution,Active,/kat/DataAssetSensitivity/ClassificationChallenge/keys.json
KAT-PQCMIGRA-062,SHA-256,/kat/DataAssetSensitivity/PQCMigrationPriorityMap/step_1_execution.json,NIST FIPS 180-4,https://csrc.nist.gov/pubs/fips/180-4/upd1/final,03/2026,DataAssetSensitivity,PQCMigrationPriorityMap step_1_execution,Active,/kat/DataAssetSensitivity/PQCMigrationPriorityMap/keys.json
KAT-SENSITIV-063,ML-KEM-1024,/kat/DataAssetSensitivity/SensitivityConflictResolver/step_1_execution.json,NIST CSRC,https://csrc.nist.gov/pubs/fips/203/final,03/2026,DataAssetSensitivity,SensitivityConflictResolver step_1_execution,Active,/kat/DataAssetSensitivity/SensitivityConflictResolver/keys.json
KAT-SENSITIV-064,ML-KEM-512,/kat/DataAssetSensitivity/SensitivityScoringEngine/step_1_execution.json,NIST CSRC,https://csrc.nist.gov/pubs/fips/203/final,03/2026,DataAssetSensitivity,SensitivityScoringEngine step_1_execution,Active,/kat/DataAssetSensitivity/SensitivityScoringEngine/keys.json
KAT-BYOKKEYD-065,AES-256-GCM,/kat/DatabaseEncryptionPQC/BYOKKeyDesigner/step_1_execution.json,NIST SP 800-38D,https://csrc.nist.gov/pubs/sp/800/38/d/final,03/2026,DatabaseEncryptionPQC,BYOKKeyDesigner step_1_execution,Active,/kat/DatabaseEncryptionPQC/BYOKKeyDesigner/keys.json
KAT-DATABASE-066,AES-256-KW,/kat/DatabaseEncryptionPQC/DatabaseMigrationReadiness/step_1_execution.json,IETF RFC 3394,https://www.rfc-editor.org/rfc/rfc3394,03/2026,DatabaseEncryptionPQC,DatabaseMigrationReadiness step_1_execution,Active,/kat/DatabaseEncryptionPQC/DatabaseMigrationReadiness/keys.json
KAT-ENCRYPTI-067,ML-KEM-768,/kat/DatabaseEncryptionPQC/EncryptionLayerMapper/step_1_execution.json,NIST CSRC,https://csrc.nist.gov/pubs/fips/203/final,03/2026,DatabaseEncryptionPQC,EncryptionLayerMapper step_1_execution,Active,/kat/DatabaseEncryptionPQC/EncryptionLayerMapper/keys.json
KAT-QUERYABL-068,AES-256-GCM,/kat/DatabaseEncryptionPQC/QueryableEncryptionLab/step_1_execution.json,NIST SP 800-38D,https://csrc.nist.gov/pubs/sp/800/38/d/final,03/2026,DatabaseEncryptionPQC,QueryableEncryptionLab step_1_execution,Active,/kat/DatabaseEncryptionPQC/QueryableEncryptionLab/keys.json
KAT-TDEMIGRA-069,AES-256-KW,/kat/DatabaseEncryptionPQC/TDEMigrationPlanner/step_1_algorithm_selection.json,IETF RFC 3394,https://www.rfc-editor.org/rfc/rfc3394,03/2026,DatabaseEncryptionPQC,TDEMigrationPlanner step_1_algorithm_selection,Active,/kat/DatabaseEncryptionPQC/TDEMigrationPlanner/keys.json
KAT-DA-2001,ML-DSA-65,/kat/DigitalAssets/BIP32Wallets/step_1_bip32_secp256k1_derivation.json,NIST CSRC,https://csrc.nist.gov/pubs/fips/204/final,03/2026,DigitalAssets,BIP32Wallets step_1_bip32_secp256k1_derivation,Active,/kat/DigitalAssets/BIP32Wallets/keys.json
KAT-DA-2002,ML-DSA-65,/kat/DigitalAssets/BIP32Wallets/step_2_pqc_hierarchical_derivation.json,NIST CSRC,https://csrc.nist.gov/pubs/fips/204/final,03/2026,DigitalAssets,BIP32Wallets step_2_pqc_hierarchical_derivation,Active,/kat/DigitalAssets/BIP32Wallets/keys.json
KAT-DA-2003,ML-DSA-87,/kat/DigitalAssets/OnChainProtocols/step_1_ethereum_ecdsa_sign_tx.json,NIST CSRC,https://csrc.nist.gov/pubs/fips/204/final,03/2026,DigitalAssets,OnChainProtocols step_1_ethereum_ecdsa_sign_tx,Active,/kat/DigitalAssets/OnChainProtocols/keys.json
KAT-DA-2004,ML-DSA-87,/kat/DigitalAssets/OnChainProtocols/step_2_solana_ed25519_sign_tx.json,NIST CSRC,https://csrc.nist.gov/pubs/fips/204/final,03/2026,DigitalAssets,OnChainProtocols step_2_solana_ed25519_sign_tx,Active,/kat/DigitalAssets/OnChainProtocols/keys.json
KAT-DA-2005,ML-DSA-87,/kat/DigitalAssets/OnChainProtocols/step_3_pqc_mldsa_sign_tx.json,NIST CSRC,https://csrc.nist.gov/pubs/fips/204/final,03/2026,DigitalAssets,OnChainProtocols step_3_pqc_mldsa_sign_tx,Active,/kat/DigitalAssets/OnChainProtocols/keys.json
KAT-DID-3003,ML-KEM-768,/kat/DigitalID/SDJWTCredentials/step_1_sdjwt_selective_disclosure_issue.json,NIST CSRC,https://csrc.nist.gov/pubs/fips/203/final,03/2026,DigitalID,SDJWTCredentials step_1_sdjwt_selective_disclosure_issue,Active,/kat/DigitalID/SDJWTCredentials/keys.json
KAT-DID-3001,ML-DSA-65,/kat/DigitalID/mDocFormats/step_1_mdoc_cbor_mac0_sign_mldsa.json,NIST CSRC,https://csrc.nist.gov/pubs/fips/204/final,03/2026,DigitalID,mDocFormats step_1_mdoc_cbor_mac0_sign_mldsa,Active,/kat/DigitalID/mDocFormats/keys.json
KAT-DID-3002,ML-DSA-65,/kat/DigitalID/mDocFormats/step_2_device_engagement_mlkem_encapsulate.json,NIST CSRC,https://csrc.nist.gov/pubs/fips/204/final,03/2026,DigitalID,mDocFormats step_2_device_engagement_mlkem_encapsulate,Active,/kat/DigitalID/mDocFormats/keys.json
KAT-CARDPROV-070,ML-DSA-44,/kat/EMVPaymentPQC/CardProvisioningVisualizer/step_1_execution.json,NIST CSRC,https://csrc.nist.gov/pubs/fips/204/final,03/2026,EMVPaymentPQC,CardProvisioningVisualizer step_1_execution,Active,/kat/EMVPaymentPQC/CardProvisioningVisualizer/keys.json
KAT-MIGRATIO-071,ECDSA-P256,/kat/EMVPaymentPQC/MigrationRiskMatrix/step_1_execution.json,NIST FIPS 186-5,https://csrc.nist.gov/pubs/fips/186-5/final,03/2026,EMVPaymentPQC,MigrationRiskMatrix step_1_execution,Active,/kat/EMVPaymentPQC/MigrationRiskMatrix/keys.json
KAT-NETWORKC-072,AES-256-GCM,/kat/EMVPaymentPQC/NetworkComparator/step_1_execution.json,NIST SP 800-38D,https://csrc.nist.gov/pubs/sp/800/38/d/final,03/2026,EMVPaymentPQC,NetworkComparator step_1_execution,Active,/kat/EMVPaymentPQC/NetworkComparator/keys.json
KAT-POSCRYPT-073,ML-DSA-44,/kat/EMVPaymentPQC/POSCryptoAnalyzer/step_1_load_asset.json,NIST CSRC,https://csrc.nist.gov/pubs/fips/204/final,03/2026,EMVPaymentPQC,POSCryptoAnalyzer step_1_load_asset,Active,/kat/EMVPaymentPQC/POSCryptoAnalyzer/keys.json
KAT-POSCRYPT-074,ML-DSA-44,/kat/EMVPaymentPQC/POSCryptoAnalyzer/step_2_verify_signature.json,NIST CSRC,https://csrc.nist.gov/pubs/fips/204/final,03/2026,EMVPaymentPQC,POSCryptoAnalyzer step_2_verify_signature,Active,/kat/EMVPaymentPQC/POSCryptoAnalyzer/keys.json
KAT-TOKENIZA-075,ECDSA-P256,/kat/EMVPaymentPQC/TokenizationExplorer/step_1_execution.json,NIST FIPS 186-5,https://csrc.nist.gov/pubs/fips/186-5/final,03/2026,EMVPaymentPQC,TokenizationExplorer step_1_execution,Active,/kat/EMVPaymentPQC/TokenizationExplorer/keys.json
KAT-TRANSACT-076,AES-256-GCM,/kat/EMVPaymentPQC/TransactionSimulator/step_1_execution.json,NIST SP 800-38D,https://csrc.nist.gov/pubs/sp/800/38/d/final,03/2026,EMVPaymentPQC,TransactionSimulator step_1_execution,Active,/kat/EMVPaymentPQC/TransactionSimulator/keys.json
KAT-CMSENCRY-077,ML-DSA-65,/kat/EmailSigning/CMSEncryptionDemo/step_1_execution.json,NIST CSRC,https://csrc.nist.gov/pubs/fips/204/final,03/2026,EmailSigning,CMSEncryptionDemo step_1_execution,Active,/kat/EmailSigning/CMSEncryptionDemo/keys.json
KAT-CMSSIGNI-078,ML-KEM-768,/kat/EmailSigning/CMSSigningDemo/step_1_hash.json,NIST CSRC,https://csrc.nist.gov/pubs/fips/203/final,03/2026,EmailSigning,CMSSigningDemo step_1_hash,Active,/kat/EmailSigning/CMSSigningDemo/keys.json
KAT-CMSSIGNI-079,ML-KEM-768,/kat/EmailSigning/CMSSigningDemo/step_2_sign.json,NIST CSRC,https://csrc.nist.gov/pubs/fips/203/final,03/2026,EmailSigning,CMSSigningDemo step_2_sign,Active,/kat/EmailSigning/CMSSigningDemo/keys.json
KAT-SMIMECER-080,ML-DSA-65,/kat/EmailSigning/SMIMECertViewer/step_1_execution.json,NIST CSRC,https://csrc.nist.gov/pubs/fips/204/final,03/2026,EmailSigning,SMIMECertViewer step_1_execution,Active,/kat/EmailSigning/SMIMECertViewer/keys.json
KAT-GRIDMIGR-081,ML-DSA-65,/kat/EnergyUtilities/GridMigrationRoadmap/step_1_execution.json,NIST CSRC,https://csrc.nist.gov/pubs/fips/204/final,03/2026,EnergyUtilities,GridMigrationRoadmap step_1_execution,Active,/kat/EnergyUtilities/GridMigrationRoadmap/keys.json
KAT-PROTOCOL-082,AES-256-GCM,/kat/EnergyUtilities/ProtocolSecurityAnalyzer/step_1_load_asset.json,NIST SP 800-38D,https://csrc.nist.gov/pubs/sp/800/38/d/final,03/2026,EnergyUtilities,ProtocolSecurityAnalyzer step_1_load_asset,Active,/kat/EnergyUtilities/ProtocolSecurityAnalyzer/keys.json
KAT-PROTOCOL-083,AES-256-GCM,/kat/EnergyUtilities/ProtocolSecurityAnalyzer/step_2_verify_signature.json,NIST SP 800-38D,https://csrc.nist.gov/pubs/sp/800/38/d/final,03/2026,EnergyUtilities,ProtocolSecurityAnalyzer step_2_verify_signature,Active,/kat/EnergyUtilities/ProtocolSecurityAnalyzer/keys.json
KAT-SAFETYRI-084,SHA-256,/kat/EnergyUtilities/SafetyRiskScorer/step_1_execution.json,NIST FIPS 180-4,https://csrc.nist.gov/pubs/fips/180-4/upd1/final,03/2026,EnergyUtilities,SafetyRiskScorer step_1_execution,Active,/kat/EnergyUtilities/SafetyRiskScorer/keys.json
KAT-SMARTMET-085,ML-DSA-65,/kat/EnergyUtilities/SmartMeterKeyManager/step_1_execution.json,NIST CSRC,https://csrc.nist.gov/pubs/fips/204/final,03/2026,EnergyUtilities,SmartMeterKeyManager step_1_execution,Active,/kat/EnergyUtilities/SmartMeterKeyManager/keys.json
KAT-SUBSTATI-086,AES-256-GCM,/kat/EnergyUtilities/SubstationMigrationPlanner/step_1_algorithm_selection.json,NIST SP 800-38D,https://csrc.nist.gov/pubs/sp/800/38/d/final,03/2026,EnergyUtilities,SubstationMigrationPlanner step_1_algorithm_selection,Active,/kat/EnergyUtilities/SubstationMigrationPlanner/keys.json
KAT-ESVWALKT-087,SHA-256,/kat/Entropy/ESVWalkthroughDemo/step_1_execution.json,NIST FIPS 180-4,https://csrc.nist.gov/pubs/fips/180-4/upd1/final,03/2026,Entropy,ESVWalkthroughDemo step_1_execution,Active,/kat/Entropy/ESVWalkthroughDemo/keys.json
KAT-ENTROPYT-088,HMAC-SHA-256,/kat/Entropy/EntropyTestingDemo/step_1_execution.json,NIST FIPS 198-1,https://csrc.nist.gov/pubs/fips/198-1/final,03/2026,Entropy,EntropyTestingDemo step_1_execution,Active,/kat/Entropy/EntropyTestingDemo/keys.json
KAT-QRNGDEMO-089,HMAC-SHA-512,/kat/Entropy/QRNGDemo/step_1_execution.json,NIST FIPS 198-1,https://csrc.nist.gov/pubs/fips/198-1/final,03/2026,Entropy,QRNGDemo step_1_execution,Active,/kat/Entropy/QRNGDemo/keys.json
KAT-RANDOMGE-090,SHA-256,/kat/Entropy/RandomGenerationDemo/step_1_execution.json,NIST FIPS 180-4,https://csrc.nist.gov/pubs/fips/180-4/upd1/final,03/2026,Entropy,RandomGenerationDemo step_1_execution,Active,/kat/Entropy/RandomGenerationDemo/keys.json
KAT-SOURCECO-091,HMAC-SHA-256,/kat/Entropy/SourceCombiningDemo/step_1_execution.json,NIST FIPS 198-1,https://csrc.nist.gov/pubs/fips/198-1/final,03/2026,Entropy,SourceCombiningDemo step_1_execution,Active,/kat/Entropy/SourceCombiningDemo/keys.json
KAT-5G-1001,ML-KEM-768,/kat/FiveG/MilenageAuthentication/step_1_milenage_f1_mac_compute.json,NIST CSRC,https://csrc.nist.gov/pubs/fips/203/final,03/2026,FiveG,MilenageAuthentication step_1_milenage_f1_mac_compute,Active,/kat/FiveG/MilenageAuthentication/keys.json
KAT-5G-1002,ML-KEM-768,/kat/FiveG/MilenageAuthentication/step_2_milenage_f2_res_extraction.json,NIST CSRC,https://csrc.nist.gov/pubs/fips/203/final,03/2026,FiveG,MilenageAuthentication step_2_milenage_f2_res_extraction,Active,/kat/FiveG/MilenageAuthentication/keys.json
KAT-5G-1003,ML-KEM-768,/kat/FiveG/SUCIPrivacyProtection/step_1_suci_profile_c_keygen.json,NIST CSRC,https://csrc.nist.gov/pubs/fips/203/final,03/2026,FiveG,SUCIPrivacyProtection step_1_suci_profile_c_keygen,Active,/kat/FiveG/SUCIPrivacyProtection/keys.json
KAT-5G-1004,ML-KEM-768,/kat/FiveG/SUCIPrivacyProtection/step_2_suci_pqc_profile_mlkem_encapsulation.json,NIST CSRC,https://csrc.nist.gov/pubs/fips/203/final,03/2026,FiveG,SUCIPrivacyProtection step_2_suci_pqc_profile_mlkem_encapsulation,Active,/kat/FiveG/SUCIPrivacyProtection/keys.json
KAT-BIOMETRI-092,ML-KEM-1024,/kat/HealthcarePQC/BiometricVaultAssessor/step_1_execution.json,NIST CSRC,https://csrc.nist.gov/pubs/fips/203/final,03/2026,HealthcarePQC,BiometricVaultAssessor step_1_execution,Active,/kat/HealthcarePQC/BiometricVaultAssessor/keys.json
KAT-DEVICESA-093,ML-DSA-65,/kat/HealthcarePQC/DeviceSafetySimulator/step_1_execution.json,NIST CSRC,https://csrc.nist.gov/pubs/fips/204/final,03/2026,HealthcarePQC,DeviceSafetySimulator step_1_execution,Active,/kat/HealthcarePQC/DeviceSafetySimulator/keys.json
KAT-HOSPITAL-094,AES-256-GCM,/kat/HealthcarePQC/HospitalMigrationPlanner/step_1_algorithm_selection.json,NIST SP 800-38D,https://csrc.nist.gov/pubs/sp/800/38/d/final,03/2026,HealthcarePQC,HospitalMigrationPlanner step_1_algorithm_selection,Active,/kat/HealthcarePQC/HospitalMigrationPlanner/keys.json
KAT-PATIENTP-095,ML-KEM-1024,/kat/HealthcarePQC/PatientPrivacyMapper/step_1_execution.json,NIST CSRC,https://csrc.nist.gov/pubs/fips/203/final,03/2026,HealthcarePQC,PatientPrivacyMapper step_1_execution,Active,/kat/HealthcarePQC/PatientPrivacyMapper/keys.json
KAT-PHARMAIP-096,ML-DSA-65,/kat/HealthcarePQC/PharmaIPCalculator/step_1_execution.json,NIST CSRC,https://csrc.nist.gov/pubs/fips/204/final,03/2026,HealthcarePQC,PharmaIPCalculator step_1_execution,Active,/kat/HealthcarePQC/PharmaIPCalculator/keys.json
KAT-FIPSVALI-097,ML-DSA-65,/kat/HsmPqc/FipsValidationTracker/step_1_execution.json,NIST CSRC,https://csrc.nist.gov/pubs/fips/204/final,03/2026,HsmPqc,FipsValidationTracker step_1_execution,Active,/kat/HsmPqc/FipsValidationTracker/keys.json
KAT-HSMMIGRA-098,ML-KEM-768,/kat/HsmPqc/HsmMigrationPlanner/step_1_algorithm_selection.json,NIST CSRC,https://csrc.nist.gov/pubs/fips/203/final,03/2026,HsmPqc,HsmMigrationPlanner step_1_algorithm_selection,Active,/kat/HsmPqc/HsmMigrationPlanner/keys.json
KAT-PKCS11SI-099,AES-256-GCM,/kat/HsmPqc/Pkcs11Simulator/step_1_execution.json,NIST SP 800-38D,https://csrc.nist.gov/pubs/sp/800/38/d/final,03/2026,HsmPqc,Pkcs11Simulator step_1_execution,Active,/kat/HsmPqc/Pkcs11Simulator/keys.json
KAT-VENDORCO-100,ML-DSA-65,/kat/HsmPqc/VendorComparison/step_1_execution.json,NIST CSRC,https://csrc.nist.gov/pubs/fips/204/final,03/2026,HsmPqc,VendorComparison step_1_execution,Active,/kat/HsmPqc/VendorComparison/keys.json
KAT-HYB-1003,ML-KEM-768,/kat/HybridCrypto/CompositeCertificateViewer/step_1_composite_decode_asn1.json,NIST CSRC,https://csrc.nist.gov/pubs/fips/203/final,03/2026,HybridCrypto,CompositeCertificateViewer step_1_composite_decode_asn1,Active,/kat/HybridCrypto/CompositeCertificateViewer/keys.json
KAT-HYB-1004,ML-KEM-768,/kat/HybridCrypto/CompositeCertificateViewer/step_2_verify_nested_signatures.json,NIST CSRC,https://csrc.nist.gov/pubs/fips/203/final,03/2026,HybridCrypto,CompositeCertificateViewer step_2_verify_nested_signatures,Active,/kat/HybridCrypto/CompositeCertificateViewer/keys.json
KAT-HYB-1000,ML-DSA-65,/kat/HybridCrypto/HybridCertFormats/step_1_draft_lamps_x509_alt_pubkey_ext.json,NIST CSRC,https://csrc.nist.gov/pubs/fips/204/final,03/2026,HybridCrypto,HybridCertFormats step_1_draft_lamps_x509_alt_pubkey_ext,Active,/kat/HybridCrypto/HybridCertFormats/keys.json
KAT-HYB-1001,ML-DSA-65,/kat/HybridCrypto/HybridCertFormats/step_2_draft_lamps_pq_composite_sigs.json,NIST CSRC,https://csrc.nist.gov/pubs/fips/204/final,03/2026,HybridCrypto,HybridCertFormats step_2_draft_lamps_pq_composite_sigs,Active,/kat/HybridCrypto/HybridCertFormats/keys.json
KAT-HYB-1002,ML-DSA-65,/kat/HybridCrypto/HybridCertFormats/step_3_draft_lamps_multi_key_ext.json,NIST CSRC,https://csrc.nist.gov/pubs/fips/204/final,03/2026,HybridCrypto,HybridCertFormats step_3_draft_lamps_multi_key_ext,Active,/kat/HybridCrypto/HybridCertFormats/keys.json
KAT-HYB-1008,ML-KEM-768,/kat/HybridCrypto/HybridCertInspector/step_1_parse_alt_signature_algorithm.json,NIST CSRC,https://csrc.nist.gov/pubs/fips/203/final,03/2026,HybridCrypto,HybridCertInspector step_1_parse_alt_signature_algorithm,Active,/kat/HybridCrypto/HybridCertInspector/keys.json
KAT-HYB-1009,ML-KEM-768,/kat/HybridCrypto/HybridCertInspector/step_2_validate_subject_alt_public_key_info.json,NIST CSRC,https://csrc.nist.gov/pubs/fips/203/final,03/2026,HybridCrypto,HybridCertInspector step_2_validate_subject_alt_public_key_info,Active,/kat/HybridCrypto/HybridCertInspector/keys.json
KAT-KEM-2000,EdDSA,/kat/HybridCrypto/HybridEncryptionDemo/step_1_keygen_x25519.json,IETF RFC 8032,https://www.rfc-editor.org/rfc/rfc8032,03/2026,HybridCrypto,HybridEncryptionDemo step_1_keygen_x25519,Active,/kat/HybridCrypto/HybridEncryptionDemo/keys.json
KAT-KEM-2001,EdDSA,/kat/HybridCrypto/HybridEncryptionDemo/step_2_keygen_ml_kem_768.json,IETF RFC 8032,https://www.rfc-editor.org/rfc/rfc8032,03/2026,HybridCrypto,HybridEncryptionDemo step_2_keygen_ml_kem_768,Active,/kat/HybridCrypto/HybridEncryptionDemo/keys.json
KAT-KEM-2002,EdDSA,/kat/HybridCrypto/HybridEncryptionDemo/step_3_encapsulate_x25519_mlkem768.json,IETF RFC 8032,https://www.rfc-editor.org/rfc/rfc8032,03/2026,HybridCrypto,HybridEncryptionDemo step_3_encapsulate_x25519_mlkem768,Active,/kat/HybridCrypto/HybridEncryptionDemo/keys.json
KAT-KEM-2003,EdDSA,/kat/HybridCrypto/HybridEncryptionDemo/step_4_decapsulate_and_kdf.json,IETF RFC 8032,https://www.rfc-editor.org/rfc/rfc8032,03/2026,HybridCrypto,HybridEncryptionDemo step_4_decapsulate_and_kdf,Active,/kat/HybridCrypto/HybridEncryptionDemo/keys.json
KAT-HYB-1005,ML-DSA-65,/kat/HybridCrypto/HybridKeyGeneration/step_1_keygen_classical_p256.json,NIST CSRC,https://csrc.nist.gov/pubs/fips/204/final,03/2026,HybridCrypto,HybridKeyGeneration step_1_keygen_classical_p256,Active,/kat/HybridCrypto/HybridKeyGeneration/keys.json
KAT-HYB-1006,ML-DSA-65,/kat/HybridCrypto/HybridKeyGeneration/step_2_keygen_pqc_ml_dsa_65.json,NIST CSRC,https://csrc.nist.gov/pubs/fips/204/final,03/2026,HybridCrypto,HybridKeyGeneration step_2_keygen_pqc_ml_dsa_65,Active,/kat/HybridCrypto/HybridKeyGeneration/keys.json
KAT-HYB-1007,ML-DSA-65,/kat/HybridCrypto/HybridKeyGeneration/step_3_bind_composite_keys.json,NIST CSRC,https://csrc.nist.gov/pubs/fips/204/final,03/2026,HybridCrypto,HybridKeyGeneration step_3_bind_composite_keys,Active,/kat/HybridCrypto/HybridKeyGeneration/keys.json
KAT-DIRECTOR-107,ML-DSA-65,/kat/IAMPQC/DirectoryServicesAnalyzer/step_1_load_asset.json,NIST CSRC,https://csrc.nist.gov/pubs/fips/204/final,03/2026,IAMPQC,DirectoryServicesAnalyzer step_1_load_asset,Active,/kat/IAMPQC/DirectoryServicesAnalyzer/keys.json
KAT-DIRECTOR-108,ML-DSA-65,/kat/IAMPQC/DirectoryServicesAnalyzer/step_2_verify_signature.json,NIST CSRC,https://csrc.nist.gov/pubs/fips/204/final,03/2026,IAMPQC,DirectoryServicesAnalyzer step_2_verify_signature,Active,/kat/IAMPQC/DirectoryServicesAnalyzer/keys.json
KAT-IAMCRYPT-109,ML-DSA-87,/kat/IAMPQC/IAMCryptoInventory/step_1_execution.json,NIST CSRC,https://csrc.nist.gov/pubs/fips/204/final,03/2026,IAMPQC,IAMCryptoInventory step_1_execution,Active,/kat/IAMPQC/IAMCryptoInventory/keys.json
KAT-TOKENMIG-110,HMAC-SHA-256,/kat/IAMPQC/TokenMigrationLab/step_1_execution.json,NIST FIPS 198-1,https://csrc.nist.gov/pubs/fips/198-1/final,03/2026,IAMPQC,TokenMigrationLab step_1_execution,Active,/kat/IAMPQC/TokenMigrationLab/keys.json
KAT-VENDORRE-111,ML-DSA-65,/kat/IAMPQC/VendorReadinessScorer/step_1_execution.json,NIST CSRC,https://csrc.nist.gov/pubs/fips/204/final,03/2026,IAMPQC,VendorReadinessScorer step_1_execution,Active,/kat/IAMPQC/VendorReadinessScorer/keys.json
KAT-ZEROTRUS-112,ML-DSA-87,/kat/IAMPQC/ZeroTrustIdentityArchitect/step_1_execution.json,NIST CSRC,https://csrc.nist.gov/pubs/fips/204/final,03/2026,IAMPQC,ZeroTrustIdentityArchitect step_1_execution,Active,/kat/IAMPQC/ZeroTrustIdentityArchitect/keys.json
KAT-CERTCHAI-113,ML-KEM-512,/kat/IoTOT/CertChainBloatAnalyzer/step_1_load_asset.json,NIST CSRC,https://csrc.nist.gov/pubs/fips/203/final,03/2026,IoTOT,CertChainBloatAnalyzer step_1_load_asset,Active,/kat/IoTOT/CertChainBloatAnalyzer/keys.json
KAT-CERTCHAI-114,ML-KEM-512,/kat/IoTOT/CertChainBloatAnalyzer/step_2_verify_signature.json,NIST CSRC,https://csrc.nist.gov/pubs/fips/203/final,03/2026,IoTOT,CertChainBloatAnalyzer step_2_verify_signature,Active,/kat/IoTOT/CertChainBloatAnalyzer/keys.json
KAT-CONSTRAI-115,ML-DSA-44,/kat/IoTOT/ConstrainedAlgorithmExplorer/step_1_execution.json,NIST CSRC,https://csrc.nist.gov/pubs/fips/204/final,03/2026,IoTOT,ConstrainedAlgorithmExplorer step_1_execution,Active,/kat/IoTOT/ConstrainedAlgorithmExplorer/keys.json
KAT-DTLSHAND-116,ML-KEM-768,/kat/IoTOT/DTLSHandshakeVisualizer/step_1_execution.json,NIST CSRC,https://csrc.nist.gov/pubs/fips/203/final,03/2026,IoTOT,DTLSHandshakeVisualizer step_1_execution,Active,/kat/IoTOT/DTLSHandshakeVisualizer/keys.json
KAT-FIRMWARE-117,ML-KEM-512,/kat/IoTOT/FirmwareSigningSimulator/step_1_hash.json,NIST CSRC,https://csrc.nist.gov/pubs/fips/203/final,03/2026,IoTOT,FirmwareSigningSimulator step_1_hash,Active,/kat/IoTOT/FirmwareSigningSimulator/keys.json
KAT-FIRMWARE-118,ML-KEM-512,/kat/IoTOT/FirmwareSigningSimulator/step_2_sign.json,NIST CSRC,https://csrc.nist.gov/pubs/fips/203/final,03/2026,IoTOT,FirmwareSigningSimulator step_2_sign,Active,/kat/IoTOT/FirmwareSigningSimulator/keys.json
KAT-SCADAMIG-119,ML-DSA-44,/kat/IoTOT/SCADAMigrationPlanner/step_1_algorithm_selection.json,NIST CSRC,https://csrc.nist.gov/pubs/fips/204/final,03/2026,IoTOT,SCADAMigrationPlanner step_1_algorithm_selection,Active,/kat/IoTOT/SCADAMigrationPlanner/keys.json
KAT-ENVELOPE-120,ML-KEM-768,/kat/KmsPqc/EnvelopeEncryptionDemo/step_1_execution.json,NIST CSRC,https://csrc.nist.gov/pubs/fips/203/final,03/2026,KmsPqc,EnvelopeEncryptionDemo step_1_execution,Active,/kat/KmsPqc/EnvelopeEncryptionDemo/keys.json
KAT-HYBRIDKE-121,AES-256-GCM,/kat/KmsPqc/HybridKeyWrapping/step_1_execution.json,NIST SP 800-38D,https://csrc.nist.gov/pubs/sp/800/38/d/final,03/2026,KmsPqc,HybridKeyWrapping step_1_execution,Active,/kat/KmsPqc/HybridKeyWrapping/keys.json
KAT-KEYHIERA-122,AES-256-KW,/kat/KmsPqc/KeyHierarchyDesigner/step_1_execution.json,IETF RFC 3394,https://www.rfc-editor.org/rfc/rfc3394,03/2026,KmsPqc,KeyHierarchyDesigner step_1_execution,Active,/kat/KmsPqc/KeyHierarchyDesigner/keys.json
KAT-KMIPPROT-123,ML-KEM-768,/kat/KmsPqc/KmipProtocolExplorer/step_1_execution.json,NIST CSRC,https://csrc.nist.gov/pubs/fips/203/final,03/2026,KmsPqc,KmipProtocolExplorer step_1_execution,Active,/kat/KmsPqc/KmipProtocolExplorer/keys.json
KAT-KMSMIGRA-124,AES-256-GCM,/kat/KmsPqc/KmsMigrationRunbook/step_1_execution.json,NIST SP 800-38D,https://csrc.nist.gov/pubs/sp/800/38/d/final,03/2026,KmsPqc,KmsMigrationRunbook step_1_execution,Active,/kat/KmsPqc/KmsMigrationRunbook/keys.json
KAT-KMSROTAT-125,AES-256-KW,/kat/KmsPqc/KmsRotationPlanner/step_1_algorithm_selection.json,IETF RFC 3394,https://www.rfc-editor.org/rfc/rfc3394,03/2026,KmsPqc,KmsRotationPlanner step_1_algorithm_selection,Active,/kat/KmsPqc/KmsRotationPlanner/keys.json
KAT-INCLUSIO-126,SHA-256,/kat/MerkleTreeCerts/InclusionProofGenerator/step_1_extract_sibling_hashes.json,NIST FIPS 180-4,https://csrc.nist.gov/pubs/fips/180-4/upd1/final,03/2026,MerkleTreeCerts,InclusionProofGenerator step_1_extract_sibling_hashes,Active,
KAT-MERKLETR-127,SHA-256,/kat/MerkleTreeCerts/MerkleTreeBuilder/step_1_serialize_cert.json,NIST FIPS 180-4,https://csrc.nist.gov/pubs/fips/180-4/upd1/final,03/2026,MerkleTreeCerts,MerkleTreeBuilder step_1_serialize_cert,Active,
KAT-MERKLETR-128,SHA-256,/kat/MerkleTreeCerts/MerkleTreeBuilder/step_2_leaf_hash_0x00.json,NIST FIPS 180-4,https://csrc.nist.gov/pubs/fips/180-4/upd1/final,03/2026,MerkleTreeCerts,MerkleTreeBuilder step_2_leaf_hash_0x00,Active,
KAT-MERKLETR-129,SHA-256,/kat/MerkleTreeCerts/MerkleTreeBuilder/step_3_internal_node_hash_0x01.json,NIST FIPS 180-4,https://csrc.nist.gov/pubs/fips/180-4/upd1/final,03/2026,MerkleTreeCerts,MerkleTreeBuilder step_3_internal_node_hash_0x01,Active,
KAT-PROOFVER-130,SLH-DSA-SHA2-128s,/kat/MerkleTreeCerts/ProofVerifier/step_1_recompute_root.json,NIST CSRC,https://csrc.nist.gov/pubs/fips/205/final,03/2026,MerkleTreeCerts,ProofVerifier step_1_recompute_root,Active,
KAT-SIZECOMP-131,SHA-256,/kat/MerkleTreeCerts/SizeComparison/step_1_execution.json,NIST FIPS 180-4,https://csrc.nist.gov/pubs/fips/180-4/upd1/final,03/2026,MerkleTreeCerts,SizeComparison step_1_execution,Active,/kat/MerkleTreeCerts/SizeComparison/keys.json
KAT-IDSSIGNA-132,ML-KEM-768,/kat/NetworkSecurityPQC/IDSSignatureUpdater/step_1_execution.json,NIST CSRC,https://csrc.nist.gov/pubs/fips/203/final,03/2026,NetworkSecurityPQC,IDSSignatureUpdater step_1_execution,Active,/kat/NetworkSecurityPQC/IDSSignatureUpdater/keys.json
KAT-NGFWCIPH-133,ML-DSA-65,/kat/NetworkSecurityPQC/NGFWCipherAnalyzer/step_1_load_asset.json,NIST CSRC,https://csrc.nist.gov/pubs/fips/204/final,03/2026,NetworkSecurityPQC,NGFWCipherAnalyzer step_1_load_asset,Active,/kat/NetworkSecurityPQC/NGFWCipherAnalyzer/keys.json
KAT-NGFWCIPH-134,ML-DSA-65,/kat/NetworkSecurityPQC/NGFWCipherAnalyzer/step_2_verify_signature.json,NIST CSRC,https://csrc.nist.gov/pubs/fips/204/final,03/2026,NetworkSecurityPQC,NGFWCipherAnalyzer step_2_verify_signature,Active,/kat/NetworkSecurityPQC/NGFWCipherAnalyzer/keys.json
KAT-TLSINSPE-135,AES-256-CTR,/kat/NetworkSecurityPQC/TLSInspectionLab/step_1_execution.json,NIST SP 800-38A,https://csrc.nist.gov/pubs/sp/800/38/a/final,03/2026,NetworkSecurityPQC,TLSInspectionLab step_1_execution,Active,/kat/NetworkSecurityPQC/TLSInspectionLab/keys.json
KAT-VENDORMI-136,ML-KEM-768,/kat/NetworkSecurityPQC/VendorMigrationMatrix/step_1_execution.json,NIST CSRC,https://csrc.nist.gov/pubs/fips/203/final,03/2026,NetworkSecurityPQC,VendorMigrationMatrix step_1_execution,Active,/kat/NetworkSecurityPQC/VendorMigrationMatrix/keys.json
KAT-ZTNAPQCD-137,ML-DSA-65,/kat/NetworkSecurityPQC/ZTNAPQCDesigner/step_1_execution.json,NIST CSRC,https://csrc.nist.gov/pubs/fips/204/final,03/2026,NetworkSecurityPQC,ZTNAPQCDesigner step_1_execution,Active,/kat/NetworkSecurityPQC/ZTNAPQCDesigner/keys.json
KAT-FIPSCOMP-138,ML-DSA-65,/kat/OSPQC/FIPSCompatibilityChecker/step_1_execution.json,NIST CSRC,https://csrc.nist.gov/pubs/fips/204/final,03/2026,OSPQC,FIPSCompatibilityChecker step_1_execution,Active,/kat/OSPQC/FIPSCompatibilityChecker/keys.json
KAT-OSCRYPTO-139,ML-KEM-768,/kat/OSPQC/OSCryptoInventory/step_1_execution.json,NIST CSRC,https://csrc.nist.gov/pubs/fips/203/final,03/2026,OSPQC,OSCryptoInventory step_1_execution,Active,/kat/OSPQC/OSCryptoInventory/keys.json
KAT-PACKAGES-140,SHA-256,/kat/OSPQC/PackageSigningMigrator/step_1_hash.json,NIST FIPS 180-4,https://csrc.nist.gov/pubs/fips/180-4/upd1/final,03/2026,OSPQC,PackageSigningMigrator step_1_hash,Active,/kat/OSPQC/PackageSigningMigrator/keys.json
KAT-PACKAGES-141,SHA-256,/kat/OSPQC/PackageSigningMigrator/step_2_sign.json,NIST FIPS 180-4,https://csrc.nist.gov/pubs/fips/180-4/upd1/final,03/2026,OSPQC,PackageSigningMigrator step_2_sign,Active,/kat/OSPQC/PackageSigningMigrator/keys.json
KAT-SSHHOSTK-142,ML-DSA-65,/kat/OSPQC/SSHHostKeyMigrator/step_1_algorithm_selection.json,NIST CSRC,https://csrc.nist.gov/pubs/fips/204/final,03/2026,OSPQC,SSHHostKeyMigrator step_1_algorithm_selection,Active,/kat/OSPQC/SSHHostKeyMigrator/keys.json
KAT-SYSTEMTL-143,ML-KEM-768,/kat/OSPQC/SystemTLSConfigurator/step_1_execution.json,NIST CSRC,https://csrc.nist.gov/pubs/fips/203/final,03/2026,OSPQC,SystemTLSConfigurator step_1_execution,Active,/kat/OSPQC/SystemTLSConfigurator/keys.json
KAT-ACVPVALI-144,ML-DSA-65,/kat/PQCTestingValidation/ACVPValidator/step_1_execution.json,NIST CSRC,https://csrc.nist.gov/pubs/fips/204/final,03/2026,PQCTestingValidation,ACVPValidator step_1_execution,Active,/kat/PQCTestingValidation/ACVPValidator/keys.json
KAT-ACTIVEPQ-145,ML-KEM-768,/kat/PQCTestingValidation/ActivePQCScanner/step_1_execution.json,NIST CSRC,https://csrc.nist.gov/pubs/fips/203/final,03/2026,PQCTestingValidation,ActivePQCScanner step_1_execution,Active,/kat/PQCTestingValidation/ActivePQCScanner/keys.json
KAT-INTEROPT-146,AES-256-GCM,/kat/PQCTestingValidation/InteropTestMatrix/step_1_execution.json,NIST SP 800-38D,https://csrc.nist.gov/pubs/sp/800/38/d/final,03/2026,PQCTestingValidation,InteropTestMatrix step_1_execution,Active,/kat/PQCTestingValidation/InteropTestMatrix/keys.json
KAT-PASSIVED-147,ML-DSA-65,/kat/PQCTestingValidation/PassiveDiscoveryLab/step_1_execution.json,NIST CSRC,https://csrc.nist.gov/pubs/fips/204/final,03/2026,PQCTestingValidation,PassiveDiscoveryLab step_1_execution,Active,/kat/PQCTestingValidation/PassiveDiscoveryLab/keys.json
KAT-PERFORMA-148,ML-KEM-768,/kat/PQCTestingValidation/PerformanceBenchmarkDesigner/step_1_execution.json,NIST CSRC,https://csrc.nist.gov/pubs/fips/203/final,03/2026,PQCTestingValidation,PerformanceBenchmarkDesigner step_1_execution,Active,/kat/PQCTestingValidation/PerformanceBenchmarkDesigner/keys.json
KAT-TVLALEAK-149,AES-256-GCM,/kat/PQCTestingValidation/TVLALeakageAnalyzer/step_1_load_asset.json,NIST SP 800-38D,https://csrc.nist.gov/pubs/sp/800/38/d/final,03/2026,PQCTestingValidation,TVLALeakageAnalyzer step_1_load_asset,Active,/kat/PQCTestingValidation/TVLALeakageAnalyzer/keys.json
KAT-TVLALEAK-150,AES-256-GCM,/kat/PQCTestingValidation/TVLALeakageAnalyzer/step_2_verify_signature.json,NIST SP 800-38D,https://csrc.nist.gov/pubs/sp/800/38/d/final,03/2026,PQCTestingValidation,TVLALeakageAnalyzer step_2_verify_signature,Active,/kat/PQCTestingValidation/TVLALeakageAnalyzer/keys.json
KAT-TESTSTRA-151,ML-DSA-65,/kat/PQCTestingValidation/TestStrategyBuilder/step_1_keygen.json,NIST CSRC,https://csrc.nist.gov/pubs/fips/204/final,03/2026,PQCTestingValidation,TestStrategyBuilder step_1_keygen,Active,/kat/PQCTestingValidation/TestStrategyBuilder/keys.json
KAT-TESTSTRA-152,ML-DSA-65,/kat/PQCTestingValidation/TestStrategyBuilder/step_2_compute.json,NIST CSRC,https://csrc.nist.gov/pubs/fips/204/final,03/2026,PQCTestingValidation,TestStrategyBuilder step_2_compute,Active,/kat/PQCTestingValidation/TestStrategyBuilder/keys.json
KAT-CONTAINE-153,ML-DSA-65,/kat/PlatformEngPQC/ContainerSigningMigration/step_1_hash.json,NIST CSRC,https://csrc.nist.gov/pubs/fips/204/final,03/2026,PlatformEngPQC,ContainerSigningMigration step_1_hash,Active,/kat/PlatformEngPQC/ContainerSigningMigration/keys.json
KAT-CONTAINE-154,ML-DSA-65,/kat/PlatformEngPQC/ContainerSigningMigration/step_2_sign.json,NIST CSRC,https://csrc.nist.gov/pubs/fips/204/final,03/2026,PlatformEngPQC,ContainerSigningMigration step_2_sign,Active,/kat/PlatformEngPQC/ContainerSigningMigration/keys.json
KAT-CRYPTOPO-155,SHA-256,/kat/PlatformEngPQC/CryptoPostureMonitor/step_1_execution.json,NIST FIPS 180-4,https://csrc.nist.gov/pubs/fips/180-4/upd1/final,03/2026,PlatformEngPQC,CryptoPostureMonitor step_1_execution,Active,/kat/PlatformEngPQC/CryptoPostureMonitor/keys.json
KAT-PIPELINE-156,ECDSA-P256,/kat/PlatformEngPQC/PipelineCryptoInventory/step_1_execution.json,NIST FIPS 186-5,https://csrc.nist.gov/pubs/fips/186-5/final,03/2026,PlatformEngPQC,PipelineCryptoInventory step_1_execution,Active,/kat/PlatformEngPQC/PipelineCryptoInventory/keys.json
KAT-PLATFORM-157,ML-DSA-65,/kat/PlatformEngPQC/PlatformMigrationPlanner/step_1_algorithm_selection.json,NIST CSRC,https://csrc.nist.gov/pubs/fips/204/final,03/2026,PlatformEngPQC,PlatformMigrationPlanner step_1_algorithm_selection,Active,/kat/PlatformEngPQC/PlatformMigrationPlanner/keys.json
KAT-POLICYAS-158,SHA-256,/kat/PlatformEngPQC/PolicyAsCodeEnforcer/step_1_execution.json,NIST FIPS 180-4,https://csrc.nist.gov/pubs/fips/180-4/upd1/final,03/2026,PlatformEngPQC,PolicyAsCodeEnforcer step_1_execution,Active,/kat/PlatformEngPQC/PolicyAsCodeEnforcer/keys.json
KAT-QUANTUMT-159,ECDSA-P256,/kat/PlatformEngPQC/QuantumThreatTimeline/step_1_execution.json,NIST FIPS 186-5,https://csrc.nist.gov/pubs/fips/186-5/final,03/2026,PlatformEngPQC,QuantumThreatTimeline step_1_execution,Active,/kat/PlatformEngPQC/QuantumThreatTimeline/keys.json
KAT-BB84SIMU-160,ML-KEM-768,/kat/QKD/BB84Simulator/step_1_execution.json,NIST CSRC,https://csrc.nist.gov/pubs/fips/203/final,03/2026,QKD,BB84Simulator step_1_execution,Active,/kat/QKD/BB84Simulator/keys.json
KAT-DEPLOYME-161,ML-KEM-768,/kat/QKD/DeploymentExplorer/step_1_execution.json,NIST CSRC,https://csrc.nist.gov/pubs/fips/203/final,03/2026,QKD,DeploymentExplorer step_1_execution,Active,/kat/QKD/DeploymentExplorer/keys.json
KAT-HSMKEYDE-162,HMAC-SHA-256,/kat/QKD/HSMKeyDerivationDemo/step_1_execution.json,NIST FIPS 198-1,https://csrc.nist.gov/pubs/fips/198-1/final,03/2026,QKD,HSMKeyDerivationDemo step_1_execution,Active,/kat/QKD/HSMKeyDerivationDemo/keys.json
KAT-POSTPROC-163,ML-KEM-768,/kat/QKD/PostProcessingDemo/step_1_execution.json,NIST CSRC,https://csrc.nist.gov/pubs/fips/203/final,03/2026,QKD,PostProcessingDemo step_1_execution,Active,/kat/QKD/PostProcessingDemo/keys.json
KAT-PROTOCOL-164,ML-KEM-768,/kat/QKD/ProtocolIntegrationDemo/step_1_execution.json,NIST CSRC,https://csrc.nist.gov/pubs/fips/203/final,03/2026,QKD,ProtocolIntegrationDemo step_1_execution,Active,/kat/QKD/ProtocolIntegrationDemo/keys.json
KAT-ALGORITH-165,ECDSA-P256,/kat/QuantumThreats/AlgorithmVulnerabilityMatrix/step_1_execution.json,NIST FIPS 186-5,https://csrc.nist.gov/pubs/fips/186-5/final,03/2026,QuantumThreats,AlgorithmVulnerabilityMatrix step_1_execution,Active,/kat/QuantumThreats/AlgorithmVulnerabilityMatrix/keys.json
KAT-HNDLTIME-166,ML-DSA-65,/kat/QuantumThreats/HNDLTimeline/step_1_execution.json,NIST CSRC,https://csrc.nist.gov/pubs/fips/204/final,03/2026,QuantumThreats,HNDLTimeline step_1_execution,Active,/kat/QuantumThreats/HNDLTimeline/keys.json
KAT-HNFLTIME-167,RSA-2048-PSS,/kat/QuantumThreats/HNFLTimeline/step_1_execution.json,NIST FIPS 186-5,https://csrc.nist.gov/pubs/fips/186-5/final,03/2026,QuantumThreats,HNFLTimeline step_1_execution,Active,/kat/QuantumThreats/HNFLTimeline/keys.json
KAT-KEYSIZEA-168,ECDSA-P256,/kat/QuantumThreats/KeySizeAnalyzer/step_1_load_asset.json,NIST FIPS 186-5,https://csrc.nist.gov/pubs/fips/186-5/final,03/2026,QuantumThreats,KeySizeAnalyzer step_1_load_asset,Active,/kat/QuantumThreats/KeySizeAnalyzer/keys.json
KAT-KEYSIZEA-169,ECDSA-P256,/kat/QuantumThreats/KeySizeAnalyzer/step_2_verify_signature.json,NIST FIPS 186-5,https://csrc.nist.gov/pubs/fips/186-5/final,03/2026,QuantumThreats,KeySizeAnalyzer step_2_verify_signature,Active,/kat/QuantumThreats/KeySizeAnalyzer/keys.json
KAT-SECURITY-170,ML-DSA-65,/kat/QuantumThreats/SecurityLevelDegradation/step_1_execution.json,NIST CSRC,https://csrc.nist.gov/pubs/fips/204/final,03/2026,QuantumThreats,SecurityLevelDegradation step_1_execution,Active,/kat/QuantumThreats/SecurityLevelDegradation/keys.json
KAT-CLOUDSEC-171,AES-256-GCM,/kat/SecretsManagementPQC/CloudSecretsComparator/step_1_execution.json,NIST SP 800-38D,https://csrc.nist.gov/pubs/sp/800/38/d/final,03/2026,SecretsManagementPQC,CloudSecretsComparator step_1_execution,Active,/kat/SecretsManagementPQC/CloudSecretsComparator/keys.json
KAT-PIPELINE-172,ML-KEM-768,/kat/SecretsManagementPQC/PipelineIntegrationLab/step_1_execution.json,NIST CSRC,https://csrc.nist.gov/pubs/fips/203/final,03/2026,SecretsManagementPQC,PipelineIntegrationLab step_1_execution,Active,/kat/SecretsManagementPQC/PipelineIntegrationLab/keys.json
KAT-ROTATION-173,HMAC-SHA-256,/kat/SecretsManagementPQC/RotationPolicyDesigner/step_1_execution.json,NIST FIPS 198-1,https://csrc.nist.gov/pubs/fips/198-1/final,03/2026,SecretsManagementPQC,RotationPolicyDesigner step_1_execution,Active,/kat/SecretsManagementPQC/RotationPolicyDesigner/keys.json
KAT-SECRETSA-174,AES-256-GCM,/kat/SecretsManagementPQC/SecretsArchitectureMapper/step_1_execution.json,NIST SP 800-38D,https://csrc.nist.gov/pubs/sp/800/38/d/final,03/2026,SecretsManagementPQC,SecretsArchitectureMapper step_1_execution,Active,/kat/SecretsManagementPQC/SecretsArchitectureMapper/keys.json
KAT-VAULTPQC-175,ML-KEM-768,/kat/SecretsManagementPQC/VaultPQCSimulator/step_1_execution.json,NIST CSRC,https://csrc.nist.gov/pubs/fips/203/final,03/2026,SecretsManagementPQC,VaultPQCSimulator step_1_execution,Active,/kat/SecretsManagementPQC/VaultPQCSimulator/keys.json
KAT-ATTESTAT-176,ML-DSA-87,/kat/SecureBootPQC/AttestationFlowDesigner/step_1_execution.json,NIST CSRC,https://csrc.nist.gov/pubs/fips/204/final,03/2026,SecureBootPQC,AttestationFlowDesigner step_1_execution,Active,/kat/SecureBootPQC/AttestationFlowDesigner/keys.json
KAT-FIRMWARE-177,ML-DSA-87,/kat/SecureBootPQC/FirmwareSigningMigrator/step_1_hash.json,NIST CSRC,https://csrc.nist.gov/pubs/fips/204/final,03/2026,SecureBootPQC,FirmwareSigningMigrator step_1_hash,Active,/kat/SecureBootPQC/FirmwareSigningMigrator/keys.json
KAT-FIRMWARE-178,ML-DSA-87,/kat/SecureBootPQC/FirmwareSigningMigrator/step_2_sign.json,NIST CSRC,https://csrc.nist.gov/pubs/fips/204/final,03/2026,SecureBootPQC,FirmwareSigningMigrator step_2_sign,Active,/kat/SecureBootPQC/FirmwareSigningMigrator/keys.json
KAT-FIRMWARE-179,SHA-256,/kat/SecureBootPQC/FirmwareVendorMatrix/step_1_execution.json,NIST FIPS 180-4,https://csrc.nist.gov/pubs/fips/180-4/upd1/final,03/2026,SecureBootPQC,FirmwareVendorMatrix step_1_execution,Active,/kat/SecureBootPQC/FirmwareVendorMatrix/keys.json
KAT-SECUREBO-180,ML-DSA-87,/kat/SecureBootPQC/SecureBootChainAnalyzer/step_1_load_asset.json,NIST CSRC,https://csrc.nist.gov/pubs/fips/204/final,03/2026,SecureBootPQC,SecureBootChainAnalyzer step_1_load_asset,Active,/kat/SecureBootPQC/SecureBootChainAnalyzer/keys.json
KAT-SECUREBO-181,ML-DSA-87,/kat/SecureBootPQC/SecureBootChainAnalyzer/step_2_verify_signature.json,NIST CSRC,https://csrc.nist.gov/pubs/fips/204/final,03/2026,SecureBootPQC,SecureBootChainAnalyzer step_2_verify_signature,Active,/kat/SecureBootPQC/SecureBootChainAnalyzer/keys.json
KAT-TPMKEYHI-182,ML-DSA-87,/kat/SecureBootPQC/TPMKeyHierarchyExplorer/step_1_execution.json,NIST CSRC,https://csrc.nist.gov/pubs/fips/204/final,03/2026,SecureBootPQC,TPMKeyHierarchyExplorer step_1_execution,Active,/kat/SecureBootPQC/TPMKeyHierarchyExplorer/keys.json
KAT-LMSKEYGE-183,SLH-DSA-SHA2-128s,/kat/StatefulSignatures/LMSKeyGenDemo/step_1_execution.json,NIST CSRC,https://csrc.nist.gov/pubs/fips/205/final,03/2026,StatefulSignatures,LMSKeyGenDemo step_1_execution,Active,/kat/StatefulSignatures/LMSKeyGenDemo/keys.json
KAT-SLHDSALI-184,SLH-DSA-SHA2-128s,/kat/StatefulSignatures/SLHDSALiveDemo/step_1_execution.json,NIST CSRC,https://csrc.nist.gov/pubs/fips/205/final,03/2026,StatefulSignatures,SLHDSALiveDemo step_1_execution,Active,/kat/StatefulSignatures/SLHDSALiveDemo/keys.json
KAT-STATEMAN-185,SHA-256,/kat/StatefulSignatures/StateManagementVisualizer/step_1_execution.json,NIST FIPS 180-4,https://csrc.nist.gov/pubs/fips/180-4/upd1/final,03/2026,StatefulSignatures,StateManagementVisualizer step_1_execution,Active,/kat/StatefulSignatures/StateManagementVisualizer/keys.json
KAT-XMSSKEYG-186,SLH-DSA-SHA2-128s,/kat/StatefulSignatures/XMSSKeyGenDemo/step_1_execution.json,NIST CSRC,https://csrc.nist.gov/pubs/fips/205/final,03/2026,StatefulSignatures,XMSSKeyGenDemo step_1_execution,Active,/kat/StatefulSignatures/XMSSKeyGenDemo/keys.json
KAT-KEM-2004,ML-KEM-768,/kat/TLSBasics/TLSConfigGenerator/step_4_x25519_mlkem768_key_share.json,NIST CSRC,https://csrc.nist.gov/pubs/fips/203/final,03/2026,TLSBasics,TLSConfigGenerator step_4_x25519_mlkem768_key_share,Active,/kat/TLSBasics/TLSConfigGenerator/keys.json
KAT-CERTROTA-187,ML-DSA-65,/kat/WebGatewayPQC/CertRotationPlanner/step_1_algorithm_selection.json,NIST CSRC,https://csrc.nist.gov/pubs/fips/204/final,03/2026,WebGatewayPQC,CertRotationPlanner step_1_algorithm_selection,Active,/kat/WebGatewayPQC/CertRotationPlanner/keys.json
KAT-HANDSHAK-188,ML-KEM-768,/kat/WebGatewayPQC/HandshakeBudgetCalculator/step_1_execution.json,NIST CSRC,https://csrc.nist.gov/pubs/fips/203/final,03/2026,WebGatewayPQC,HandshakeBudgetCalculator step_1_execution,Active,/kat/WebGatewayPQC/HandshakeBudgetCalculator/keys.json
KAT-TLSTERMI-189,AES-256-GCM,/kat/WebGatewayPQC/TLSTerminationPatterns/step_1_execution.json,NIST SP 800-38D,https://csrc.nist.gov/pubs/sp/800/38/d/final,03/2026,WebGatewayPQC,TLSTerminationPatterns step_1_execution,Active,/kat/WebGatewayPQC/TLSTerminationPatterns/keys.json
KAT-TOPOLOGY-190,ML-DSA-65,/kat/WebGatewayPQC/TopologyBuilder/step_1_keygen.json,NIST CSRC,https://csrc.nist.gov/pubs/fips/204/final,03/2026,WebGatewayPQC,TopologyBuilder step_1_keygen,Active,/kat/WebGatewayPQC/TopologyBuilder/keys.json
KAT-TOPOLOGY-191,ML-DSA-65,/kat/WebGatewayPQC/TopologyBuilder/step_2_compute.json,NIST CSRC,https://csrc.nist.gov/pubs/fips/204/final,03/2026,WebGatewayPQC,TopologyBuilder step_2_compute,Active,/kat/WebGatewayPQC/TopologyBuilder/keys.json
KAT-VENDORRE-192,ML-KEM-768,/kat/WebGatewayPQC/VendorReadinessMatrix/step_1_execution.json,NIST CSRC,https://csrc.nist.gov/pubs/fips/203/final,03/2026,WebGatewayPQC,VendorReadinessMatrix step_1_execution,Active,/kat/WebGatewayPQC/VendorReadinessMatrix/keys.json
